smiles,target,mol_weight,logP,num_atoms,num_bonds,num_rotatable_bonds,num_h_donors,num_h_acceptors
Oc1cc(O)c2c(c1)OC(c1ccc(O)c(O)c1)C(O)C2,-6.2199998,290.271,1.5460999999999998,21,23,1,5,6
C/C=C\C#CCC/C=C\C=C\C(=O)NCC(C)C,-3.8599999,245.36599999999999,3.2307000000000015,18,17,6,1,1
COc1ccc2c3c1O[C@H]1[C@@H](O)C=C[C@H]4[C@@H](C2)N(C)CC[C@]314,-4.0900002,299.3700000000001,1.5010999999999999,22,26,1,1,4
CN1CC(=O)NC1=N,-5.935409099999998,113.11999999999999,-1.0172299999999999,8,8,0,2,2
C#C[C@]1(O)CC[C@H]2[C@@H]3CCC4=Cc5oncc5C[C@]4(C)[C@H]3CC[C@@]21C,-4.8400002,337.46300000000014,4.221000000000004,25,29,0,1,3
C[C@@H]1C[C@H]2[C@@H]3CCC4=CC(=O)C=C[C@]4(C)[C@@]3(F)[C@@H](O)C[C@]2(C)[C@@]1(O)C(=O)CO[C@H]1O[C@@H](CO)[C@H](O)[C@@H](O)[C@@H]1O,-6.54,554.6080000000004,-0.28009999999999885,39,43,5,6,10
C[C@@H]1C[C@H]2[C@@H]3CCC4=CC(=O)C=C[C@]4(C)[C@@]3(F)[C@@H](O)C[C@]2(C)[C@@]1(O)C(=O)CO[C@H]1O[C@@H](C(=O)O)[C@H](O)[C@@H](O)[C@@H]1O,-6.119999900000002,568.5910000000005,-0.18779999999999786,40,44,5,6,10
Cc1ccc2c(=O)c3cccc(CC(=O)OC4OC(C(=O)O)[C@@H](O)[C@@H](O)[C@@H]4O)c3oc2c1C,-6.52,458.41900000000015,0.5409399999999992,33,36,4,4,9
C/C=C(\C)C(=O)O[C@H]1[C@@H](OC(C)=O)c2c(ccc3ccc(=O)oc23)OC1(C)C,-4.579999900000002,386.40000000000015,3.446200000000002,28,30,3,0,7
C[C@@H]1O[C@@H](O[C@@H]2[C@@H](O)[C@H](OCCc3ccc(O)c(O)c3)O[C@H](CO[C@@H]3O[C@H](CO)[C@@H](O)[C@H](O)[C@H]3O)[C@H]2OC(=O)/C=C/c2ccc(O)c(O)c2)[C@H](O)[C@H](O)[C@H]1O,-6.650000099999999,786.7330000000005,-3.191699999999994,55,59,13,12,20
O=C(O)COc1ccc(C(=O)CN2CCN(C3CCNCC3)CC2=O)cc1,-6.119999900000002,375.4250000000001,0.228900000000001,27,29,7,2,6
CCCCOC(=O)COc1ccc(C(=O)CN2CCN(C3CCNCC3)CC2=O)cc1,-5.79,431.53300000000024,1.4876000000000007,31,33,10,1,7
CCCCC(C)OC(=O)COc1ccc(C(=O)CN2CCN(C3CCNCC3)CC2=O)cc1,-5.29,459.5870000000003,2.2662000000000004,33,35,11,1,7
CCCCCCC(C)OC(=O)COc1ccc(C(=O)CN2CCN(C3CCNCC3)CC2=O)cc1,-4.7399998,487.64100000000036,3.046400000000001,35,37,13,1,7
CCCCOC(=O)COc1ccc(C(=O)CN2CCN(C3CCN(C(=O)OCc4oc(=O)oc4C)CC3)CC2=O)cc1,-4.3499999,587.6260000000003,2.39142,42,45,12,0,11
Cc1oc(=O)oc1COC(=O)N1CCC(N2CCN(CC(=O)c3ccc(OCC(=O)OC4CCCCC4)cc3)C(=O)C2)CC1,-4.3099999,613.6640000000001,2.9240200000000005,44,48,10,0,11
CCOC(=O)COc1ccc(C(=O)CN2CCN(C3CCN(C(=O)OC(C)OC(C)=O)CC3)CC2=O)cc1,-4.2800002,533.5780000000004,1.4655000000000011,38,40,10,0,10
O=C(COc1ccc(C(=O)CN2CCN(C3CCN(C(=O)OC/C=C4/OC(=O)c5ccccc54)CC3)CC2=O)cc1)OC1CCCCC1,-4.4000001,659.736,4.080700000000003,48,53,10,0,10
CC(=O)OC(C)OC(=O)N1CCC(N2CCN(CC(=O)c3ccc(OCC(=O)OC4CCOCC4)cc3)C(=O)C2)CC1,-4.5100002,589.6420000000003,1.6246000000000005,42,45,10,0,11
CCOCC(COCC)OC(=O)COc1ccc(C(=O)CN2CCN(C3CCN(C(=O)OC(C)OC(C)=O)CC3)CC2=O)cc1,-4.1500001000000015,635.7110000000002,1.8872000000000027,45,47,16,0,12
CCOC(=O)COc1ccc(C(=O)CN2CCN(C3CCN(C(=O)OC(OC(C)=O)C(C)(C)C)CC3)CC2=O)cc1,-4.02,575.6590000000003,2.4917000000000007,41,43,10,0,10
CCOC(=O)COc1ccc(C(=O)CN2CCN(C3CCN(C(=O)OC(OC(=O)C(C)(C)C)C(C)(C)C)CC3)CC2=O)cc1,-4.0,617.7400000000001,3.5179000000000027,44,46,10,0,10
CCOC(=O)COc1ccc(C(=O)CN2CCN(C3CCN(C(=O)OC(C)OC(=O)C(C)(C)C)CC3)CC2=O)cc1,-4.139999899999999,575.6590000000003,2.4917000000000007,41,43,10,0,10
CC(C)(C)C(=O)OCOC(=O)N1CCC(N2CCN(CC(=O)c3ccc(OCC(=O)OC4CCCCC4)cc3)C(=O)C2)CC1,-4.4400001,615.7240000000002,3.4160000000000013,44,47,10,0,10
O=C(O)C[C@H](NC(=O)[C@@H]1CCCN(C(=O)CCC2CCNCC2)C1)c1cccnc1,-6.21,416.52200000000016,1.7320000000000004,30,32,8,3,5
O=C(O)c1cc(Cl)ccc1O,-4.98,172.567,1.7437999999999998,11,11,1,2,2
CNC[C@H](O)c1ccc(O)c(O)c1,-6.125,183.207,0.35060000000000013,13,13,3,4,4
O=C1C[C@@H](c2ccc(O)c(O)c2)Oc2cc(O)cc(O)c21,-5.2800002,288.25500000000005,2.215500000000001,21,23,1,4,6
CC[C@@H]1OC(=O)[C@@H](C)[C@H](O[C@H]2C[C@](C)(OC)[C@@H](O)[C@H](C)O2)[C@@H](C)[C@@H](O[C@H]2O[C@H](C)C[C@@H](N(C)C)[C@H]2O)[C@@](C)(O)C[C@@H](C)C(=O)[C@H](C)[C@@H](O)[C@@]1(C)O,-5.7800002,733.9370000000002,1.785600000000004,51,53,7,5,14
NC(N)=Nc1nc(CSCCC(N)=NS(N)(=O)=O)cs1,-6.0700002,337.456,-0.7679999999999998,20,20,7,4,6
CC(C)(C(=O)O)c1ccc(C(O)CCCN2CCC(C(O)(c3ccccc3)c3ccccc3)CC2)cc1,-6.5100002,501.66700000000014,5.510500000000006,37,40,10,3,4
CC(C)(C(=O)O)c1ccc(C(O)CCCN2CCC(C(O)(c3ccccc3)c3ccccc3)CC2)cc1.Cl,-5.6999998,538.1280000000002,5.932300000000009,38,40,10,3,4
Fc1cccc2c1O[C@H]1CNC[C@@H]1O2,-4.099999899999999,195.19299999999998,0.9373,14,16,0,1,3
C=C1NC(N)=Nc2c1ncn2COCCOC(=O)[C@@H](C)N,-5.6900001,294.315,-0.7322999999999984,21,22,6,3,9
OCC(O)CO,-4.829999900000002,92.09400000000001,-1.6681000000000001,6,5,2,3,3
CC(=O)C(NC(=O)CN)c1ccc(O)cc1,-5.2800002,222.244,0.09720000000000012,16,16,4,3,4
NC(N)=N/N=C/c1c(Cl)cccc1Cl,-4.6799998,231.086,1.6007000000000005,14,14,2,2,2
COc1ccc([C@@H]2CC(=O)c3c(O)cc(O)cc3O2)cc1O,-4.7399998,302.28200000000004,2.518500000000001,22,24,2,3,6
C[C@@H]1NC(=O)[C@H](C)NC(=O)[C@@H](C)NC(=O)[C@H](C)NC(=O)[C@@H](C)N(C)C(=O)[C@@H](C)NC1=O,-5.8200002,440.5010000000002,-2.629599999999992,31,31,0,5,6
C[C@@H]1NC(=O)[C@H](C)NC(=O)[C@@H](C)N(C)C(=O)[C@H](C)NC(=O)[C@@H](C)NC(=O)[C@@H](C)NC1=O,-5.8200002,440.50100000000015,-2.629599999999992,31,31,0,5,6
C[C@@H]1NC(=O)[C@@H](C)NC(=O)[C@@H](C)NC(=O)[C@H](C)N(C)C(=O)[C@H](C)NC(=O)[C@@H](C)NC1=O,-5.8200002,440.5010000000002,-2.629599999999993,31,31,0,5,6
C[C@@H]1NC(=O)[C@@H](C)NC(=O)[C@H](C)NC(=O)[C@@H](C)NC(=O)[C@@H](C)N(C)C(=O)[C@H](C)NC1=O,-5.8200002,440.5010000000002,-2.629599999999992,31,31,0,5,6
C[C@@H]1NC(=O)[C@H](C)NC(=O)[C@@H](C)NC(=O)[C@H](C)N(C)C(=O)[C@@H](C)N(C)C(=O)[C@@H](C)NC1=O,-5.8200002,454.52800000000025,-2.287399999999992,32,32,0,4,6
C[C@@H]1NC(=O)[C@H](C)NC(=O)[C@@H](C)N(C)C(=O)[C@H](C)NC(=O)[C@@H](C)N(C)C(=O)[C@@H](C)NC1=O,-5.8200002,454.5280000000002,-2.287399999999991,32,32,0,4,6
C[C@@H]1NC(=O)[C@H](C)N(C)C(=O)[C@@H](C)NC(=O)[C@H](C)NC(=O)[C@@H](C)N(C)C(=O)[C@@H](C)NC1=O,-5.3000002,454.5280000000002,-2.287399999999991,32,32,0,4,6
O=C(O)COC(=O)Cc1ccccc1Nc1c(Cl)cccc1Cl,-4.4099998,354.1890000000001,3.907300000000002,23,24,6,2,4
C[C@@H]1NC(=O)[C@H](C)NC(=O)[C@@H](C)N(C)C(=O)[C@H](C)N(C)C(=O)[C@@H](C)NC(=O)[C@@H](C)NC1=O,-5.8200002,454.5280000000002,-2.287399999999992,32,32,0,4,6
C[C@@H]1NC(=O)[C@H](C)N(C)C(=O)[C@@H](C)NC(=O)[C@H](C)N(C)C(=O)[C@@H](C)NC(=O)[C@@H](C)NC1=O,-5.8200002,454.5280000000002,-2.287399999999992,32,32,0,4,6
C[C@@H]1NC(=O)[C@@H](C)NC(=O)[C@H](C)N(C)C(=O)[C@@H](C)NC(=O)[C@@H](C)NC(=O)[C@H](C)N(C)C1=O,-5.8200002,454.5280000000002,-2.287399999999991,32,32,0,4,6
C[C@@H]1NC(=O)[C@@H](C)N(C)C(=O)[C@H](C)NC(=O)[C@@H](C)NC(=O)[C@@H](C)N(C)C(=O)[C@H](C)NC1=O,-5.3000002,454.5280000000002,-2.287399999999991,32,32,0,4,6
C[C@@H]1NC(=O)[C@@H](C)NC(=O)[C@@H](C)N(C)C(=O)[C@H](C)NC(=O)[C@H](C)N(C)C(=O)[C@@H](C)NC1=O,-5.8200002,454.5280000000002,-2.287399999999991,32,32,0,4,6
CC(=O)Nc1ccc(O)cc1,-4.4400001,151.165,1.3505999999999998,11,11,1,2,2
C[C@@H]1NC(=O)[C@H](C)NC(=O)[C@@H](C)N(C)C(=O)[C@H](C)N(C)C(=O)[C@@H](C)N(C)C(=O)[C@@H](C)NC1=O,-5.8200002,468.55500000000023,-1.945199999999991,33,33,0,3,6
C[C@@H]1NC(=O)[C@H](C)N(C)C(=O)[C@@H](C)NC(=O)[C@H](C)N(C)C(=O)[C@@H](C)N(C)C(=O)[C@@H](C)NC1=O,-5.8200002,468.55500000000023,-1.945199999999991,33,33,0,3,6
C[C@@H]1NC(=O)[C@@H](C)NC(=O)[C@H](C)N(C)C(=O)[C@@H](C)N(C)C(=O)[C@@H](C)NC(=O)[C@H](C)N(C)C1=O,-5.8200002,468.55500000000023,-1.9451999999999912,33,33,0,3,6
C[C@@H]1NC(=O)[C@@H](C)NC(=O)[C@H](C)N(C)C(=O)[C@@H](C)N(C)C(=O)[C@@H](C)N(C)C(=O)[C@H](C)NC1=O,-5.8200002,468.55500000000023,-1.945199999999991,33,33,0,3,6
C[C@@H]1NC(=O)[C@H](C)N(C)C(=O)[C@@H](C)N(C)C(=O)[C@H](C)NC(=O)[C@@H](C)N(C)C(=O)[C@@H](C)NC1=O,-5.3000002,468.5550000000002,-1.94519999999999,33,33,0,3,6
C[C@@H]1NC(=O)[C@@H](C)N(C)C(=O)[C@H](C)NC(=O)[C@@H](C)N(C)C(=O)[C@@H](C)N(C)C(=O)[C@H](C)NC1=O,-5.3000002,468.55500000000023,-1.945199999999991,33,33,0,3,6
C[C@@H]1NC(=O)[C@@H](C)N(C)C(=O)[C@@H](C)NC(=O)[C@H](C)N(C)C(=O)[C@H](C)N(C)C(=O)[C@@H](C)NC1=O,-5.0,468.55500000000023,-1.945199999999991,33,33,0,3,6
C[C@@H]1NC(=O)[C@@H](C)N(C)C(=O)[C@@H](C)N(C)C(=O)[C@H](C)NC(=O)[C@H](C)N(C)C(=O)[C@@H](C)NC1=O,-5.8200002,468.5550000000002,-1.94519999999999,33,33,0,3,6
C[C@@H]1NC(=O)[C@@H](C)N(C)C(=O)[C@H](C)N(C)C(=O)[C@@H](C)NC(=O)[C@@H](C)NC(=O)[C@H](C)N(C)C1=O,-5.8200002,468.5550000000002,-1.9451999999999903,33,33,0,3,6
C[C@@H]1NC(=O)[C@@H](C)N(C)C(=O)[C@H](C)N(C)C(=O)[C@@H](C)NC(=O)[C@@H](C)N(C)C(=O)[C@H](C)NC1=O,-5.8200002,468.5550000000002,-1.94519999999999,33,33,0,3,6
C[C@H]1C(=O)N[C@H](C)C(=O)N[C@H](C)C(=O)N(C)[C@@H](C)C(=O)N[C@H](C)C(=O)N(C)[C@@H](C)C(=O)N1C,-5.8200002,468.55500000000023,-1.945199999999992,33,33,0,3,6
C[C@@H]1NC(=O)[C@@H](C)NC(=O)[C@@H](C)NC(=O)[C@H](C)N(C)C(=O)[C@H](C)N(C)C(=O)[C@@H](C)N(C)C1=O,-5.8200002,468.5550000000003,-1.9451999999999912,33,33,0,3,6
C[C@@H]1NC(=O)[C@H](C)N(C)C(=O)[C@@H](C)N(C)C(=O)[C@H](C)NC(=O)[C@@H](C)NC(=O)[C@@H](C)N(C)C1=O,-5.8200002,468.5550000000002,-1.9451999999999903,33,33,0,3,6
C[C@@H]1NC(=O)[C@H](C)N(C)C(=O)[C@@H](C)N(C)C(=O)[C@H](C)N(C)C(=O)[C@@H](C)N(C)C(=O)[C@@H](C)NC1=O,-5.2600002,482.5820000000002,-1.6029999999999904,34,34,0,2,6
C[C@@H]1NC(=O)[C@@H](C)N(C)C(=O)[C@H](C)N(C)C(=O)[C@@H](C)N(C)C(=O)[C@@H](C)NC(=O)[C@H](C)N(C)C1=O,-5.8200002,482.5820000000002,-1.6029999999999909,34,34,0,2,6
C[C@@H]1NC(=O)[C@@H](C)N(C)C(=O)[C@@H](C)NC(=O)[C@H](C)N(C)C(=O)[C@H](C)N(C)C(=O)[C@@H](C)N(C)C1=O,-5.3000002,482.5820000000003,-1.6029999999999909,34,34,0,2,6
C[C@@H]1NC(=O)[C@@H](C)N(C)C(=O)[C@@H](C)N(C)C(=O)[C@H](C)NC(=O)[C@H](C)N(C)C(=O)[C@@H](C)N(C)C1=O,-5.3000002,482.5820000000002,-1.60299999999999,34,34,0,2,6
C[C@H]1C(=O)N(C)[C@H](C)C(=O)N[C@H](C)C(=O)N(C)[C@@H](C)C(=O)N[C@H](C)C(=O)N(C)[C@@H](C)C(=O)N1C,-4.6999998,482.5820000000003,-1.6029999999999918,34,34,0,2,6
C[C@@H]1NC(=O)[C@@H](C)NC(=O)[C@@H](C)N(C)C(=O)[C@H](C)N(C)C(=O)[C@H](C)N(C)C(=O)[C@@H](C)N(C)C1=O,-5.3000002,482.5820000000003,-1.6029999999999909,34,34,0,2,6
C[C@@H]1NC(=O)[C@@H](C)N(C)C(=O)[C@H](C)N(C)C(=O)[C@@H](C)NC(=O)[C@@H](C)N(C)C(=O)[C@H](C)N(C)C1=O,-5.0,482.5820000000002,-1.60299999999999,34,34,0,2,6
C[C@@H]1NC(=O)[C@@H](C)N(C)C(=O)[C@H](C)NC(=O)[C@@H](C)N(C)C(=O)[C@@H](C)N(C)C(=O)[C@H](C)N(C)C1=O,-5.3000002,482.5820000000003,-1.6029999999999909,34,34,0,2,6
C[C@H]1C(=O)N(C)[C@H](C)C(=O)N[C@H](C)C(=O)N(C)[C@@H](C)C(=O)N(C)[C@H](C)C(=O)N(C)[C@@H](C)C(=O)N1C,-5.0999999,496.6090000000003,-1.2607999999999915,35,35,0,1,6
C[C@@H]1NC(=O)[C@@H](C)N(C)C(=O)[C@@H](C)N(C)C(=O)[C@H](C)N(C)C(=O)[C@H](C)N(C)C(=O)[C@@H](C)N(C)C1=O,-5.1500001,496.60900000000026,-1.2607999999999906,35,35,0,1,6
C[C@H]1C(=O)N(C)[C@H](C)C(=O)N(C)[C@H](C)C(=O)N(C)[C@@H](C)C(=O)N[C@H](C)C(=O)N(C)[C@@H](C)C(=O)N1C,-5.3000002,496.60900000000026,-1.2607999999999915,35,35,0,1,6
C[C@@H]1NC(=O)[C@@H](C)N(C)C(=O)[C@H](C)N(C)C(=O)[C@@H](C)N(C)C(=O)[C@@H](C)N(C)C(=O)[C@H](C)N(C)C1=O,-5.3000002,496.60900000000026,-1.2607999999999906,35,35,0,1,6
C[C@H]1C(=O)N[C@H](C)C(=O)N(C)[C@H](C)C(=O)N(C)[C@@H](C)C(=O)N(C)[C@H](C)C(=O)N(C)[C@@H](C)C(=O)N1C,-5.3000002,496.60900000000026,-1.2607999999999915,35,35,0,1,6
NNc1nncc2ccccc12,-5.170000099999998,160.17999999999998,0.9153999999999998,12,13,1,2,4
C[C@]12C[C@@H](O)[C@@H]3[C@@H](CCC4=CC(=O)CC[C@@]43C)[C@H]1CC[C@@]2(O)C(=O)CO,-4.6599998,362.4660000000002,1.7815999999999996,26,29,2,3,5
C=C1NC(N)=Nc2c1ncn2COCCOC(=O)[C@H](N)[C@H](C)CC,-5.6799998,336.3960000000001,0.2939000000000007,24,25,8,3,9
C=C(C)CNc1ccc(C(C)C(=O)O)cc1,-4.3400002,219.28399999999996,2.8627000000000002,16,16,5,2,2
CN(C)CCCN1c2ccccc2CCc2ccccc21,-4.8509998,280.415,3.8750000000000027,21,23,4,0,2
COc1ccc2c(c1)c(CC(=O)O)c(C)n2C(=O)c1ccc(Cl)cc1,-4.6900001,357.793,3.9273200000000026,25,27,4,1,4
O=c1c(OC2C(O)OC(CO)C(O)C2O)c(-c2ccc(O)c(O)c2)oc2cc(O)cc(O)c12,-6.170000099999998,464.3790000000002,-0.5388999999999995,33,36,4,8,12
CC(=O)N1CCN(c2ccc(OC[C@H]3CO[C@](Cn4ccnc4)(c4ccc(Cl)cc4Cl)O3)cc2)CC1,-4.9299998,531.4399999999999,4.205800000000003,36,40,7,0,7
Nc1nnc(-c2cccc(Cl)c2Cl)c(N)n1,-4.3899999,256.09599999999995,2.0098,16,17,1,2,5
Cc1c(OCC(F)(F)F)ccnc1CS(=O)c1nc2ccccc2[nH]1,-4.1100001000000015,369.3680000000001,3.515220000000001,25,27,5,1,4
O=c1cc(-c2ccc(O)cc2)oc2cc(O[C@@H]3O[C@H](CO)[C@@H](O)[C@H](O)[C@H]3O[C@@H]3OC[C@](O)(CO)[C@H]3O)cc(O)c12,-7.119999900000002,564.4960000000002,-1.4851999999999999,40,44,7,8,14
NCCCC[C@H](N[C@@H](CCc1ccccc1)C(=O)O)C(=O)N1CCC[C@H]1C(=O)O,-7.389999900000001,405.49500000000023,1.2352000000000007,29,30,12,4,5
N[C@@H](C(=O)N[C@@H]1C(=O)N2C(C(=O)O)=C(Cl)CC[C@H]12)c1ccccc1.O,-7.3400002,367.7890000000001,-0.11389999999999956,25,26,4,3,4
Nc1c(CC(=O)[O-])cccc1C(=O)c1ccccc1.O.[Na+],-4.52,295.27000000000004,-3.0284999999999984,21,20,4,1,4
CC(C)S(=O)(=O)n1c(N)nc2ccc(/C(=C/C(N)=O)c3c(F)c(F)cc(F)c3F)cc21,-4.1999998,456.42100000000016,2.6782000000000004,31,33,5,2,6
CC(C)S(=O)(=O)n1c(N)nc2ccc(/C(=C/C(N)=O)c3ccccc3F)cc21,-4.54,402.45100000000014,2.2609000000000004,28,30,5,2,6
C.CC(C)n1c(N)nc2ccc(/C(=C/C(N)=O)c3cccc(F)c3F)cc21,-5.3000002,372.4190000000001,4.030700000000002,27,28,4,2,4
CC(C)S(=O)(=O)n1c(N)nc2ccc(/C(=C/C(N)=O)c3ccc(F)c(F)c3F)cc21,-4.329999900000002,438.43100000000015,2.5391000000000004,30,32,5,2,6
Cc1cnc(NC(=O)C2=C(O)c3ccccc3S(=O)(=O)N2C)s1,-4.71,351.4090000000001,1.95092,23,25,2,2,6
C[N+]1(C)[C@H]2CC(OC(=O)[C@H](CO)c3ccccc3)C[C@H]1C1OC12.[Br-],-6.1599998,398.2970000000001,-1.9332999999999958,24,26,4,1,4
Cc1ccccc1N1C(=O)c2cc(S(N)(=O)=O)c(Cl)cc2NC1C,-5.21,365.8420000000001,2.714120000000001,24,26,2,2,4
CC1(C)S[C@@H]2[C@H](NC(=O)[C@H](N)c3ccc(O)cc3)C(=O)N2[C@H]1C(=O)O,-6.1524997,365.4110000000001,0.023700000000000443,25,27,4,4,6
CC(C)(C)NCC(O)COc1cccc2c1CC(O)C(O)C2,-5.4109998,309.406,0.6347999999999998,22,23,5,4,5
COc1ccc2cc([C@H](C)C(=O)O)ccc2c1,-4.6599998,230.26299999999998,3.036500000000001,17,18,3,1,2
COc1ccc2cc(C(C)C(=O)[O-])ccc2c1.[Na+],-4.329999900000002,252.24499999999998,-1.2941999999999987,18,18,3,0,3
O=C1C[C@@H](c2ccc(O)cc2)Oc2cc(O)cc(O)c21,-4.6550002,272.25600000000003,2.5099000000000014,20,22,1,3,5
O=C(NC(Cc1c[nH]c2ccccc12)C(=O)O)OCc1ccccc1,-5.8000002,338.3630000000001,3.0900000000000007,25,27,6,3,3
Clc1ccc2c(c1)N=C(N1CCNCC1)c1ccccc1N2,-4.6799998,312.804,3.3805000000000023,22,25,0,2,4
C/C=C/c1cc(OC)c2c(c1)C(C)C(c1cc(OC)c(O)c(OC)c1)O2,-5.3400002,356.4180000000001,4.688300000000005,26,28,5,1,5
C=CCc1cc(OC)c(OC(C)Cc2cc(OC)c(OC)c(OC)c2)c(OC)c1,-4.73,402.48700000000014,4.468100000000004,29,30,11,0,6
CC1(C)S[C@@H]2[C@H](NC(=O)[C@H](N)c3ccccc3)C(=O)N2[C@H]1C(=O)O,-5.6999998,349.4120000000001,0.3181000000000002,24,26,4,3,5
C=CCc1cc(OC)c(OC(C)C(O)c2cc(OC)c(OC)c(OC)c2)c(OC)c1,-4.5500002,418.4860000000002,3.959000000000003,30,31,11,1,7
C=CCc1cc(OC)c(OC(C)C(O)c2ccc(O)c(OC)c2)c(OC)c1,-4.5100002,374.4330000000001,3.647400000000003,27,28,9,2,6
Cc1onc(-c2ccccc2Cl)c1C(=O)N[C@@H]1C(=O)N2[C@@H](C(=O)O)C(C)(C)S[C@H]12,-5.579999900000002,435.8890000000002,2.5487200000000003,29,32,4,2,6
C=CCOc1ccccc1OC[C@@H](CNC(C)C)OC(=O)C1CC1,-4.545000099999998,333.4280000000001,2.950000000000001,24,25,11,1,5
N=C(N)c1ccc2[nH]c(Cc3nc4ccccc4[nH]3)nc2c1,-6.6999998,290.33000000000004,2.31407,22,25,3,4,3
N/C(=N/O)c1ccc2[nH]c(-c3ccccn3)nc2c1,-4.6500001,253.26500000000001,1.7193999999999998,19,21,2,3,4
Cc1ccnc2nc(Cc3nc4cc(C(=N)N)ccc4[nH]3)[nH]c12,-7.0500002,305.345,2.01749,23,26,3,4,4
CCOC(=O)NC(=N)c1ccc2[nH]c(Cc3nc4ccccc4[nH]3)nc2c1,-6.1500001,362.39300000000003,3.101470000000001,27,30,4,4,5
CC[C@H](C)C(=O)O[C@H]1C[C@H](O)C=C2C=C[C@H](C)[C@H](CC[C@@H](O)C[C@@H](O)CC(=O)O)[C@H]21,-5.8400002,424.5340000000002,2.4404000000000003,30,31,10,4,6
COc1cc2nc(N3CCN(C(=O)c4ccco4)CC3)nc(N)c2cc1OC,-4.987,383.40800000000024,1.7845999999999997,28,31,4,1,8
C[C@]12C[C@H](O)[C@H]3[C@@H](CCC4=CC(=O)C=C[C@@]43C)[C@@H]1CC[C@]2(O)C(=O)CO,-4.7199998,360.4500000000002,1.5575999999999999,26,29,2,3,5
COCCOc1ccc(N2CCN(CCn3ncc4c3nc(N)n3nc(-c5ccco5)nc43)CC2)cc1,-5.3499999,503.56700000000023,2.1635999999999997,37,42,9,1,12
CC(C)NC[C@H](COc1cccc2ccccc12)OC(=O)C1CC1,-4.5100002,327.42400000000015,3.538400000000002,24,26,8,1,4
O=c1c(-c2ccc(O)cc2)coc2c([C@@H]3O[C@H](CO)[C@@H](O)[C@H](O)[C@H]3O)c(O)ccc12,-6.4000001,416.38200000000006,0.3860999999999998,30,33,3,6,9
C=C[C@H]1CN2CC[C@H]1C[C@@H]2[C@@H](O)c1ccnc2ccc(OC)cc12,-4.6900001,324.4240000000001,3.1732000000000014,24,27,4,1,4
OC[C@H]1O[C@@](CO)(O[C@H]2O[C@H](CO[C@H]3O[C@H](CO)[C@H](O)[C@H](O)[C@H]3O)[C@@H](O)[C@H](O)[C@H]2O)[C@@H](O)[C@@H]1O,-7.619999900000002,504.43800000000005,-7.571399999999989,34,36,8,11,16
C[C@@H]1CC[C@H]2[C@@H](C)[C@H](OC(=O)CCC(=O)O)O[C@@H]3O[C@@]4(C)CC[C@@H]1[C@@]23OO4,-5.4000001,384.4250000000002,2.6024000000000003,27,30,4,1,7
CO[C@H]1C[C@@H]2CC[C@@H](C)[C@@](O)(O2)C(=O)C(=O)N2CCCC[C@H]2C(=O)O[C@H]([C@H](C)C[C@@H]2CC[C@@H](O)[C@H](OC)C2)CC(=O)[C@H](C)/C=C(\C)[C@@H](O)[C@@H](OC)C(=O)[C@H](C)C[C@H](C)/C=C/C=C/C=C/1C,-4.96,914.187,6.180600000000006,65,68,6,3,13
C=C1NC(N)=Nc2c1ncn2COCCOC(=O)[C@H](N)CO,-5.329999900000002,310.314,-1.7598999999999974,22,23,7,4,10
CN1[C@H]2CC(OC(=O)[C@H](CO)c3ccccc3)C[C@@H]1[C@H]1O[C@@H]21,-4.928,303.358,0.9180999999999995,22,25,4,1,5
NCCc1c[nH]c2ccc(O)cc12,-4.8600001,176.21899999999997,1.3747,13,14,2,3,2
CCCc1nn(C)c2c(=O)nc(-c3cc(S(=O)(=O)N4CCN(C)CC4)ccc3OCC)[nH]c12,-4.5100002,474.58700000000033,1.6109,33,36,7,1,8
CN1[C@H]2CC[C@@H]1CC(OC(=O)C(CO)c1ccccc1)C2,-4.6999998,289.37500000000006,1.9308999999999996,21,23,4,1,4
Nc1ccc(S(=O)(=O)Nc2ncccn2)cc1,-4.75,250.28300000000004,0.8596000000000001,17,18,3,2,5
O=C(O)c1cc(/N=N/c2ccc(S(=O)(=O)Nc3ccccn3)cc2)ccc1O,-5.378171,398.4000000000001,3.7016000000000013,28,30,6,3,7
NC(=O)N1C(=O)C(C(=O)c2cccs2)c2cc(Cl)ccc21,-4.5700002,320.757,2.7933000000000012,21,23,2,1,4
COc1cc2nc(N3CCN(C(=O)C4CCCO4)CC3)nc(N)c2cc1OC,-4.6100001,387.44000000000017,1.0567999999999995,28,31,4,1,8
Cn1c(=O)c2[nH]cnc2n(C)c1=O,-4.3499999,180.16699999999997,-1.0397000000000005,13,14,0,1,5
C/N=C(\NC#N)NCCSCc1csc(N=C(N)N)n1,-5.880000099999998,312.42800000000005,-0.07271999999999912,20,20,6,4,6
NC(Cc1c[nH]c2ccccc12)C(=O)O,-5.3899999,204.22899999999998,1.1223000000000003,15,16,3,3,2
NC(=O)C(N)Cc1c[nH]c2ccccc12,-4.920000099999998,203.245,0.5230000000000001,15,16,3,3,2
C[C@@H]1[C@H]2C3=CC[C@@H]4[C@@]5(C)CC[C@H](O)C(C)(C)[C@@H]5CC[C@@]4(C)[C@]3(C)CC[C@@]2(C(=O)O)CC[C@H]1C,-5.5500002,456.71100000000035,7.089500000000008,33,37,1,2,2
C=C1NC(N)=Nc2c1ncn2COCCOC(=O)[C@H](N)C(C)C,-5.3499999,322.369,-0.09619999999999873,23,24,7,3,9
COc1ccc(CCN(C)CCCC(C#N)(c2ccc(OC)c(OC)c2)C(C)C)cc1OC,-4.579999900000002,454.6110000000002,5.093080000000005,33,34,13,0,6
O=C(O)c1ccccc1,-4.0050001,122.12299999999996,1.3848,9,9,1,1,1
CC[C@]1(O)C[C@@H]2CN(CCc3c([nH]c4ccccc34)[C@@](C(=O)OC)(c3cc4c(cc3OC)N(C)[C@H]3[C@@](O)(C(=O)OC)[C@H](OC(C)=O)[C@]5(CC)C=CCN6CC[C@]43[C@@H]65)C2)C1,-5.48,810.9889999999998,3.9909000000000034,59,67,7,3,12
CCOC(=O)[C@H](Cc1ccc(OC(=O)N(C)C)cc1)NC(=O)[C@H]1N(S(=O)(=O)c2cnn(C)c2)CSC1(C)C,-5.369999900000002,567.69,1.6133000000000006,38,40,9,1,10
CC(C)OC(=O)[C@H](Cc1ccc(OC(=O)N(C)C)cc1)NC(=O)[C@H]1N(S(=O)(=O)c2cnn(C)c2)CSC1(C)C,-5.170000099999998,581.7170000000001,2.0018000000000002,39,41,9,1,10
CN(C)C(=O)Oc1ccc(C[C@H](NC(=O)[C@H]2N(S(=O)(=O)c3cnn(C)c3)CSC2(C)C)C(=O)OCC(C)(C)C)cc1,-5.3400002,609.7710000000001,2.639500000000001,41,43,9,1,10
CN(C)C(=O)Oc1ccc(C[C@H](NC(=O)[C@H]2N(S(=O)(=O)c3cnn(C)c3)CSC2(C)C)C(=O)OCOC(=O)C(C)(C)C)cc1,-5.5999999,653.7800000000001,2.1402,44,46,10,1,12
COCCOCCOC(=O)[C@H](Cc1ccc(OC(=O)N(C)C)cc1)NC(=O)[C@H]1N(S(=O)(=O)c2cnn(C)c2)CSC1(C)C,-5.6900001,641.769,1.2564000000000026,43,45,14,1,12
CC1(C)S[C@@H]2[C@H](NC(=O)Cc3ccccc3)C(=O)N2[C@H]1C(=O)O,-6.0250001,334.39700000000005,0.8607999999999998,23,25,4,2,4
Cc1cn([C@H]2C[C@H](N=[N+]=[N-])[C@@H](CO)O2)c(=O)[nH]c1=O,-5.0599999,267.245,-0.19628000000000012,19,20,3,2,6
CC(C)C[C@H]1NC(=O)[C@@H](Cc2ccccc2)NC(=O)CNC(=O)[C@@H](C)NC(=O)[C@H](Cc2ccc(O)cc2)NC(=O)/C=C\c2ccccc2OC1=O,-5.880000099999998,697.7890000000002,1.9312000000000031,51,54,6,6,8
CC(C)C[C@H]1NC(=O)[C@@H](CC2CCCCC2)NC(=O)CNC(=O)[C@@H](C)NC(=O)[C@H](Cc2ccc(O)cc2)NC(=O)/C=C\c2ccccc2OC1=O,-6.4699998,703.8370000000002,2.6589000000000045,51,54,6,6,8
CC[C@@]1(O)C(=O)OCc2c1cc1n(c2=O)Cc2cc3ccccc3nc2-1,-4.1100001000000015,348.35800000000006,2.0796,26,30,1,1,6
CC(C)(C)CC(=O)Nc1c(F)cc(C(=O)Nc2nccs2)cc1F,-4.059999899999998,353.394,4.048300000000002,24,25,4,2,4
Cc1nnc(SCC2=C(C(=O)O)N3C(=O)[C@@H](NC(=O)Cn4cnnn4)[C@H]3SC2)s1,-6.23,454.5190000000002,-0.6360799999999995,29,32,7,2,12
CO/N=C(\C(=O)N[C@@H]1C(=O)N2C(C(=O)O)=C(CSc3nc(=O)c(=O)[nH]n3C)CS[C@H]12)c1csc(N)n1,-6.764999900000001,554.592,-1.6112999999999973,36,39,8,4,14
CC1=C(C(=O)O)N2C(=O)C(NC(=O)C(N)c3ccccc3)C2SC1,-6.3600001,347.3960000000001,0.4449000000000012,24,26,4,3,5
CC(=O)NC(C(=O)NC1C(=O)N2C(C(=O)O)=C(C)CSC12)c1ccccc1,-6.630000099999998,389.43300000000005,0.6223000000000014,27,29,5,3,5
CC/C=C(\C(=O)N[C@@H]1C(=O)N2C(C(=O)OCOC(=O)C(C)(C)C)=C(COC(N)=O)CS[C@H]12)c1csc(N)n1.Cl.O,-5.1100001,622.1220000000001,0.9550999999999998,40,40,9,3,12
C/N=C(\NC#N)NCCSCc1[nH]cnc1C,-5.9000001,252.347,0.5973999999999997,17,17,5,3,4
CN1CCN(C2=Nc3cc(Cl)ccc3Nc3ccccc32)CC1,-4.5100002,326.83100000000013,3.7227000000000023,23,26,0,1,4
CN(C(=O)[C@H](Cc1ccc(C(=N)N)cc1)NS(=O)(=O)c1ccc2ccccc2c1)C1CCCC1,-6.6989698,478.61800000000034,3.4144700000000014,34,37,8,3,4
NCc1cccc(Cc2ncccn2)c1,-4.5968795,199.257,1.5261,15,16,3,1,3
NC(=O)c1cccc(Cc2ncccn2)c1,-4.4609237,213.24,1.1663,16,17,3,1,3
N#Cc1cccc(Cc2ncccn2)c1,-4.1758742,195.225,1.93908,15,16,2,0,3
CNS(=O)(=O)c1ccc(Cl)cc1,-4.186419,205.666,1.2480999999999998,12,12,2,1,2
NS(=O)(=O)c1ccc(Cl)cc1,-4.2620125,191.63899999999998,0.9874000000000003,11,11,1,1,2
N=C(N)NC(=O)c1nc(Cl)c(N)nc1N,-6.251812,229.63099999999997,-1.0823299999999998,15,15,1,5,6
CN/C(=N\CCSCc1nc[nH]c1C)NC#N,-6.0420098,252.347,0.5974,17,17,5,3,4
NC(=O)[C@H](Cc1ccccc1)NC(=O)[C@H](Cc1ccccc1)NC(=O)[C@H](CCCN=C(N)N)NC(=O)[C@@H](N)Cc1ccc(O)cc1,-7.4317985,630.7500000000002,-0.25929999999999453,46,48,17,8,7
COc1cccc(-n2c(=O)n(Cc3c(F)cccc3Br)c(=O)n(C[C@H](N)c3ccccc3)c2=O)c1F,-4.856985099999998,559.3670000000002,2.958500000000001,36,39,7,1,8
COc1cccc(-n2c(=O)n(Cc3ccccc3C#N)c(=O)n(C[C@H](N)c3ccccc3)c2=O)c1F,-4.5917602,487.4910000000002,1.9285799999999997,36,39,7,1,9
CC(=O)c1sc(NC(=O)N[C@@H]2CCCC[C@H]2CN2CCC[C@@H](Cc3ccc(F)cc3)C2)nc1C,-5.221849,486.65700000000027,5.428220000000006,34,37,7,2,5
CC(=O)c1cccc(NC(=O)N[C@@H]2CCCC[C@H]2CN2CCC[C@@H](Cc3ccc(F)cc3)C2)c1,-4.9586072,465.6130000000003,5.663300000000006,34,37,7,2,3
Nc1nc(O)c2ncn([C@@H]3C[C@H](CO)[C@H]3CO)c2n1,-6.0555172,265.27299999999997,-0.7241000000000004,19,21,3,4,8
COCCc1ccc(OCC(O)CNC(C)C)cc1,-4.3493013,267.36899999999997,1.6132,19,19,9,2,4
CC(C)CNC(=O)[C@H](C)NC[C@H](Cc1ccccc1)NC(=O)c1cc(CCC2C[C@@H]2C)cc(N(C)S(C)(=O)=O)c1,-4.6197886,570.8000000000003,3.762400000000002,40,42,15,3,5
CC(C)CNC(=O)[C@H](C)NC[C@H](Cc1ccccc1)NC(=O)c1cc(C(=O)N[C@H](C)c2ccc(F)cc2)cc(N(C)S(C)(=O)=O)c1,-5.0,653.8210000000001,3.8039000000000023,46,48,15,4,6
CCOC(=O)c1c(Cl)cccc1-c1cnc([C@@H](C)NC(=O)C2(NC(=O)C(F)(F)F)CC2)c(F)c1,-4.5528421,501.8640000000002,4.106100000000002,34,36,7,2,5
C[C@@H](NC(=O)C1(NC(=O)C(F)(F)F)CC1)c1ccc(-c2cc(Cl)cc(F)c2-c2nnn(C)n2)cc1F,-4.6382723,528.8690000000001,3.8640000000000017,36,39,6,2,6
Cc1nc(-c2c(Cl)cc(Cl)cc2-c2ccc([C@@H](C)NC(=O)C3(NC(=O)C(F)(F)F)CC3)c(F)c2)no1,-4.6382723,545.3200000000002,5.5462200000000035,36,39,6,2,5
COC(=O)c1c(Cl)cc(Cl)cc1-c1cnc([C@@H](C)NC(=O)C2(NC(=O)C(F)(F)F)CC2)c(F)c1,-4.5376019,522.2820000000003,4.369400000000002,34,36,6,2,5
C[C@@H](NC(=O)C1(NC(=O)C(F)(F)F)CC1)c1ccc(-c2cc(Cl)ccc2-c2nnn(C)n2)cc1F,-4.5528421,510.8790000000001,3.7249000000000025,35,38,6,2,6
CCOC(=O)c1c(Cl)cc(Cl)cc1-c1ccc([C@@H](C)NC(=O)C2(NC(=O)C(F)(F)F)CC2)c(F)c1,-4.6020598,535.3210000000003,5.364500000000003,35,37,7,2,4
CCOC(=O)c1c(Cl)cc(Cl)cc1-c1cnc([C@@H](C)NC(=O)C2(NC(=O)C(F)(F)F)CC2)c(F)c1,-4.6020598,536.3090000000003,4.759500000000004,35,37,7,2,5
COC(=O)c1c(Cl)cccc1-c1cnc([C@@H](C)NC(=O)C2(NC(=O)C(F)(F)F)CC2)c(F)c1,-4.6020598,487.8370000000002,3.716000000000001,33,35,6,2,5
Cc1nc(-c2ccc(Cl)cc2-c2ccc([C@@H](C)NC(=O)C3(NC(=O)C(F)(F)F)CC3)c(F)c2)no1,-4.5086384000000015,510.8750000000002,4.892820000000004,35,38,6,2,5
COC(=O)c1c(Cl)cccc1-c1ccc([C@@H](C)NC(=O)C2(NC(=O)C(F)(F)F)CC2)c(F)c1,-4.468521099999999,486.8490000000002,4.321000000000002,33,35,6,2,4
O=C(N[C@@H]1CCOC[C@@H]1C(=O)NO)c1ccc(Cc2c(C(F)(F)F)nn3ccccc23)cc1,-5.7447276,462.4280000000001,2.584200000000001,33,36,5,3,6
CC(C)(C)c1nn2ccccc2c1Cc1ccc(C(=O)N[C@@H]2CCOC[C@@H]2C(=O)NO)cc1,-5.3665314,450.5390000000002,2.8629,33,36,5,3,6
CCCN(Cc1ccoc1)C(=O)c1cc(C)cc(OCC2(CON=C(N)N)CC2)c1,-5.387216099999999,414.50600000000026,3.0044200000000005,30,32,11,2,5
Cc1ccc(C(F)(F)CNc2ccc(C#N)c(CC(=O)NCCONC(=N)N)c2F)nc1,-6.188375,449.4370000000002,1.678069999999999,32,33,10,5,6
N#Cc1ccc(NCC(F)(F)c2ccccc2)c(F)c1CC(=O)NCCONC(=N)N,-5.647924400000001,434.42200000000025,1.974649999999999,31,32,10,5,5
N#Cc1ccc(NCC(F)(F)c2cccc(F)c2)c(F)c1CC(=O)NCCONC(=N)N,-5.741402099999998,452.4120000000002,2.113749999999999,32,33,10,5,5
Cc1nc(N)ccc1CNC(=O)Cc1c(C#N)ccc(NCC(F)(F)c2ccccn2)c1F,-5.1474957,454.4560000000001,3.440800000000001,33,35,8,3,6
CN(OCCNC(=O)Cc1c(C#N)ccc(NCC(F)(F)c2ccccn2)c1F)C(=N)N,-6.3723636,449.43700000000007,1.71185,32,33,10,4,6
N#Cc1ccc(NCC(F)(F)c2ccc(F)c(F)c2)c(F)c1CC(=O)NCCONC(=N)N,-5.9430285000000005,470.4020000000002,2.2528499999999996,33,34,10,5,5
c1csc([C@]23CNC[C@H]2C3)c1,-4.7544875,165.261,1.6089999999999998,11,13,1,1,2
Cc1nccc2c1[nH]c1ccccc12,-5.223299,182.226,3.0245200000000008,14,16,0,1,1
[Cl-].c1c2c(cc3c1OCO3)-c1cc3ccc4c(c3c[n+]1CC2)OCO4,-4.9574246,355.77700000000016,-0.18820000000000014,25,29,0,0,4
C[C@@H]1O[C@@H](c2ccc(Cl)cc2)OC[C@H]1N,-4.9279342,227.69099999999997,2.1012,15,16,1,1,3
C[C@@H]1O[C@@H](c2ccc(N(O)O)cc2)OC[C@H]1N,-4.8885694000000015,240.259,1.0326000000000002,17,18,2,3,6
C=C(c1ccccc1)C1OCC(N)CO1,-4.9913998,205.25699999999992,1.3999999999999997,15,16,2,1,3
C=C(c1ccccc1)[C@H]1OC[C@@H](N)[C@H](C)O1,-4.9880071,219.28399999999993,1.7884999999999998,16,17,2,1,3
C[C@@H]1O[C@@H](c2ccc(Cl)cc2)OC[C@H]1NC(=O)Cc1ccccc1,-4.9920392,345.8260000000001,3.501400000000002,24,26,4,1,3
C=C(c1ccccc1)C1OCC(NC(=O)Cc2ccccc2)CO1,-5.0498786,323.392,2.800200000000001,24,26,5,1,3
C=C(c1ccccc1)[C@H]1OC[C@@H](NC(=O)Cc2ccccc2)[C@H](C)O1,-5.050365900000001,337.419,3.1887000000000016,25,27,5,1,3
COc1cc2c(cc1OC)C1CC(O)C(CC(C)C)CN1CC2,-4.598685700000001,319.4450000000001,3.0299000000000014,23,25,4,1,4
OC[C@H]1O[C@@](CO)(OC2O[C@H](COC3O[C@H](CO)[C@H](O)[C@H](O)[C@H]3O)[C@@H](O)[C@H](O)[C@H]2O)[C@@H](O)[C@@H]1O,-7.309804,504.43800000000005,-7.571399999999989,34,36,8,11,16
C[C@@]12CCC(=O)C=C1CC[C@H]1[C@@H]3CC[C@](O)(C(=O)CO)[C@@]3(C)CC(=O)[C@H]12,-4.5086384000000015,360.45000000000016,1.9898,26,29,2,2,5
C[C@@]12C=CC(=O)C=C1CC[C@@H]1[C@@H]2[C@@H](O)C[C@@]2(C)[C@H]1CC[C@]2(O)C(=O)CO,-5.4436975,360.4500000000002,1.5575999999999999,26,29,2,3,5
C[C@H](CS)C(=O)N1CCC[C@@H]1C(=O)O,-4.8153086,217.28999999999996,0.6279000000000001,14,14,3,2,3
CN(C)CCC=C1c2ccccc2CCc2ccccc21,-3.9006648,277.411,4.168600000000003,21,23,3,0,1
COC(=O)[C@@H]1[C@H](O)CC[C@@H]2CN3CCc4c([nH]c5ccccc45)[C@H]3C[C@H]21,-4.8124795,354.45000000000005,2.647100000000001,26,30,1,2,4
CC(NC(=O)C(N)CC(N)=O)C(N)=O,-6.5885487000000005,202.21399999999997,-2.820899999999999,14,13,5,4,4
COc1ccc2c(c1)[C@@]13CCCC[C@@H]1[C@@H](C2)N(C)CC3,-4.628932,271.404,3.3834000000000026,20,23,1,0,2
CC1(C)S[C@]2(C)[C@H](NC(=O)[C@H](N)c3ccccc3)C(=O)N2[C@H]1C(=O)O,-6.1023731,363.4390000000001,0.7081999999999999,25,27,4,3,5
Nc1nc(/C(=C\CC(=O)O)C(=O)NC2C(=O)N3C(C(=O)O)=CCSC23)cs1,-6.0604806,410.4330000000001,-0.0481999999999998,27,29,6,4,8
Cc1cn([C@H]2C[C@H]([N-][NH+]=N)[C@@H](CO)O2)c(=O)[nH]c1=O,-5.1850867,269.261,-2.1063099999999984,19,20,4,4,6
C[C@@H]1CC[C@H]2[C@@H](C)[C@@H](OC(=O)CCC(=O)O)O[C@@H]3OC4(C)CC[C@@H]1[C@@]23OO4,-5.4001169,384.4250000000002,2.6024000000000003,27,30,4,1,7
CC1=C(C(=O)O)N2C(=O)[C@@H](NC(=O)[C@@H](N)C3=CCC=CC3)[C@H]2SC1,-5.6925039,349.4120000000001,0.34860000000000113,24,26,4,3,5
Cc1c(F)c(N2CCNC(C)C2)cc2c1C(=O)C(C(=O)O)CN2C1CC1,-4.9825492,361.4170000000002,1.79812,26,29,3,2,5
NC(N)=N/N=C/c1c(Cl)cccc1Cl,-4.363411900000001,231.086,1.6007000000000005,14,14,2,2,2
CNCCC(Oc1ccc(C(F)(F)F)cc1)c1ccccc1,-4.9299622,309.33099999999996,4.435000000000003,22,23,6,1,2
NC(N)=Nc1nc(CSCC/C(N)=N\S(N)(=O)=O)cs1,-5.9488473,337.456,-0.7679999999999998,20,20,7,4,6
Nc1nc(=O)c2ncn([C@@H]3C[C@H](CO)[C@H]3CO)c2[nH]1,-6.0555172,265.27299999999997,-1.1364,19,21,3,4,7
Nc1cc(-c2ccncc2)c[nH]c1=O,-4.7544875,187.202,1.0191,14,15,1,2,3
CN[C@@H](C)[C@@H](O)c1ccccc1,-4.9913998,165.236,1.3278999999999999,12,12,3,2,2
CC(C)c1c(C(=O)Nc2ccccc2)c(-c2ccccc2)c(-c2ccc(F)cc2)n1CC[C@H](O)C[C@H](O)CC(=O)O,-5.309804,558.6500000000003,6.313600000000008,41,44,12,4,5
C/C=C\C=C/CC/C=C/C=C/C(=O)NCC(C)C,-4.2441254,247.382,3.7835000000000027,18,17,8,1,1
CCC/C=C\CC/C=C/C=C/C(=O)NCC(C)C,-4.6989698,249.398,4.007500000000003,18,17,9,1,1
Cc1ccc(/C(=C/CN2CCCC2)c2cccc(/C=C/C(=O)O)n2)cc1,-5.720623000000002,348.446,4.015320000000003,26,28,6,1,3
Cc1c(N(C)C)c(=O)n(-c2ccccc2)n1C,-4.389419599999999,231.29900000000004,1.55042,17,18,2,0,4
CN(C)CCC=C1c2ccccc2CCc2ccccc21,-4.2600002,277.411,4.168600000000003,21,23,3,0,1
C[C@H](N)Cc1ccccc1,-4.3899999,135.20999999999998,1.5763,10,10,2,1,1
CC1(C)SC2C(NC(=O)C(N)c3ccccc3)C(=O)N2C1C(=O)O,-6.0700002,349.4120000000001,0.3181000000000002,24,26,4,3,5
CC1CCC2C(C)C(OC(=O)CCC(=O)O)OC3OC4(C)CCC1C32OO4,-5.4000001,384.4250000000002,2.6024000000000003,27,30,4,1,7
COc1ccc(CCN2CCC(Nc3nc4ccccc4n3Cc3ccc(F)cc3)CC2)cc1,-5.1500001,458.58100000000024,5.351300000000005,34,38,8,1,5
CC(C)c1c(C(=O)Nc2ccccc2)c(-c2ccccc2)c(-c2ccc(F)cc2)n1CC[C@@H](O)C[C@@H](O)CC(=O)O,-5.3099999,558.6500000000003,6.313600000000008,41,44,12,4,5
CC(C)NCC(O)COc1ccc(CCOCC2CC2)cc1,-4.3156309,307.434,2.3933999999999997,22,23,11,2,4
CC(O)(CS(=O)(=O)c1ccc(F)cc1)C(=O)Nc1ccc(C#N)c(C(F)(F)F)c1,-4.6599998,430.3790000000001,2.8795800000000007,29,30,5,2,5
CC(C)NCC(O)COc1ccc(COCCOC(C)C)cc1,-4.7600002,325.449,2.3659,23,23,12,2,5
O=C1CN=C(c2ccccn2)c2cc(Br)ccc2N1,-4.4000001,316.15799999999996,2.6336000000000004,19,21,1,1,3
CC(NC(C)(C)C)C(=O)c1cccc(Cl)c1,-3.9519544,239.746,3.2993000000000023,16,16,3,1,2
CN(C)C(=O)OC1N=C(c2ccccc2)c2cc(Cl)ccc2N(C)C1=O,-4.46,371.8240000000001,3.1781000000000015,26,28,2,0,4
C[C@H](CS)C(=O)N1CCC[C@H]1C(=O)O,-4.8200002,217.28999999999996,0.6279000000000001,14,14,3,2,3
CON=C(C(=O)NC1C(=O)N2C(C(=O)O)=C(COC(N)=O)CSC12)c1ccco1,-6.29,424.39100000000013,-0.5359999999999987,29,31,7,3,9
Cc1ccc(-c2cc(C(F)(F)F)nn2-c2ccc(S(N)(=O)=O)cc2)cc1,-4.8050604,381.3790000000001,3.5139200000000006,26,28,3,1,4
O=C(O)COCCN1CCN(C(c2ccccc2)c2ccc(Cl)cc2)CC1,-5.5,388.8950000000002,3.148200000000002,27,29,8,1,4
CCN(CC)CCCC(C)Nc1ccnc2cc(Cl)ccc12,-4.5500002,319.88000000000005,4.810600000000004,22,23,8,1,3
CN(C)CCC(c1ccc(Cl)cc1)c1ccccn1,-4.2800002,274.795,3.8186000000000027,19,20,5,0,2
CN(C)CC/C=C1/c2ccccc2Sc2ccc(Cl)cc21,-4.7399998,315.869,5.188000000000004,21,23,3,0,2
CN(C)[C@@H]1C(=O)C(C(N)=O)=C(O)[C@@]2(O)C(=O)C3=C(O)c4c(O)ccc(Cl)c4[C@@](C)(O)[C@H]3C[C@@H]12,-6.3200002,478.8850000000002,0.2824000000000005,33,36,2,6,9
O=c1[nH]c2cc(Cl)ccc2o1,-4.190000100000002,169.56699999999998,1.7745,11,12,0,1,2
CC[C@H]1OC(=O)[C@H](C)[C@@H](O[C@H]2C[C@@](C)(OC)[C@@H](O)[C@H](C)O2)[C@H](C)[C@@H](O[C@@H]2O[C@H](C)C[C@H](N(C)C)[C@H]2O)[C@](C)(OC)C[C@@H](C)C(=O)[C@H](C)[C@@H](O)[C@]1(C)O,-5.4699998,747.9640000000002,2.439700000000004,52,54,8,4,14
CN1CCN(C2=c3ccccc3=Nc3ccc(Cl)cc3N2)CC1,-4.5100002,326.8310000000001,2.0298999999999996,23,26,1,1,4
COc1ccc2c3c1OC1C(O)C=CC4C(C2)N(C)CCC341,-4.2800002,299.3700000000001,1.5010999999999999,22,26,1,1,4
NC1CONC1=O,-5.4400001,102.09299999999999,-1.6249000000000007,7,7,0,2,3
C#C[C@@]1(O)CC[C@@H]2[C@H]3CCC4=Cc5oncc5C[C@@]4(C)[C@@H]3CC[C@]21C,-4.561461,337.46300000000014,4.221000000000004,25,29,0,1,3
COc1ccc2c(c1)C13CCCCC1C(C2)N(C)CC3,-4.7399998,271.404,3.3834000000000026,20,23,1,0,2
O=C(O)Cc1ccccc1Nc1c(Cl)cccc1Cl,-4.460681,296.153,4.364100000000001,19,20,4,2,2
C[C@H]1O[C@@H](O[C@H]2[C@@H](O)C[C@H](O[C@H]3[C@@H](O)C[C@H](O[C@H]4CC[C@@]5(C)[C@H]6C[C@@H](O)[C@]7(C)C(C8=CC(=O)OC8)CC[C@]7(O)[C@@H]6CC[C@@H]5C4)O[C@@H]3C)O[C@@H]2C)C[C@H](O)[C@@H]1O,-5.6316042,780.9490000000003,2.218100000000003,55,62,7,6,14
COc1ccc([C@@H]2Sc3ccccc3N(CCN(C)C)C(=O)[C@@H]2OC(C)=O)cc1,-4.4043612,414.52700000000016,3.368500000000002,29,31,6,0,6
O=C1Nc2ccc(Cl)cc2[C@@](C#CC2CC2)(C(F)(F)F)O1,-4.0500002,315.67799999999994,4.073100000000001,21,23,0,1,2
CC[C@H]1CN2CCc3cc(OC)c(OC)cc3[C@@H]2C[C@@H]1C[C@H]1NCCc2cc(OC)c(OC)cc21,-5.6900001,480.64900000000034,4.943400000000005,35,39,7,1,6
C[C@H](N[C@H](CCc1ccccc1)C(=O)O)C(=O)N1CCC[C@@H]1C(=O)O,-5.880000099999998,348.39900000000017,1.1261000000000003,25,26,8,3,4
C=C1C[C@@H]2[C@H](CC[C@]3(C)C(=O)CC[C@@H]23)[C@@]2(C)C=CC(=O)C=C12,-4.329999900000002,296.41,4.029500000000003,22,25,0,0,2
CCc1cc(C(N)=S)ccn1,-4.4000001,166.24900000000002,1.2782,11,11,2,1,2
CNCCC(Oc1ccc(C)cc1)c1ccccc1,-4.5500002,255.361,3.7246200000000034,19,20,6,1,2
Fc1cccc2c1O[C@H]1CNC[C@H]1O2,-3.729485,195.19299999999998,0.9373,14,16,0,1,3
OCCN1CCN(CC/C=C2/c3ccccc3Sc3ccc(C(F)(F)F)cc32)CC1,-4.8899999,434.52700000000016,4.601700000000005,30,33,5,1,4
CC(C)n1c(/C=C/[C@H](O)C[C@H](O)CC(=O)O)c(-c2ccc(F)cc2)c2ccccc21,-5.6999998,411.473,4.628100000000003,30,32,8,3,4
Nc1nc2c(ncn2COC(CO)CO)c(=O)[nH]1,-6.1012278,255.23399999999998,-1.970899999999999,18,19,5,4,8
Cc1cnc(C(=O)NCCc2ccc(S(=O)(=O)NC(=O)NC3CCCCC3)cc2)cn1,-4.7199998,445.54500000000024,2.0781199999999993,31,33,7,3,6
NC(CCC(=O)O)C(=O)O,-6.0700002,147.13,-0.7368999999999997,10,9,4,3,3
Cc1c(F)c(N2CCNC(C)C2)cc2c1c(=O)c(C(=O)O)cn2C1CC1,-4.8899999,359.4010000000001,2.28022,26,29,3,2,5
NC(N)=NN=Cc1c(Cl)cccc1Cl,-4.329999900000002,231.086,1.6007000000000005,14,14,2,2,2
O=C(CCCN1CCC(O)(c2ccc(Cl)cc2)CC1)c1ccc(F)cc1,-4.71,375.87100000000015,4.425600000000004,26,28,6,1,3
Cc1ccc(NC(=O)c2ccc(CN3CCN(C)CC3)cc2)cc1Nc1nccc(-c2cccnc2)n1,-5.3899999,493.6150000000002,4.590320000000004,37,41,7,2,7
CC(C)(C)NC(=O)[C@@H]1CN(Cc2cccnc2)CCN1C[C@@H](O)C[C@@H](Cc1ccccc1)C(=O)N[C@H]1c2ccccc2C[C@H]1O,-5.6900001,613.8030000000003,2.8669000000000016,45,49,11,4,7
Cc1cc(NC(O)=C2C(=O)c3ccccc3S(=O)(=O)N2C)no1,-4.6100001,335.3410000000001,1.6390200000000001,23,25,2,2,7
O=C(c1ccc(F)cc1)C1CCN(CCn2c(=O)[nH]c3ccccc3c2=O)CC1,-4.4400001,395.43400000000014,2.423800000000001,29,32,5,1,5
CC(CCc1ccccc1)NCC(O)c1ccc(O)c(C(N)=O)c1,-4.895062,328.4120000000001,2.1353999999999997,24,25,8,4,4
Nc1ccn([C@@H]2CS[C@H](CO)O2)c(=O)n1,-5.420000099999998,229.261,-0.5941000000000001,15,16,2,2,7
NCCCC[C@H](N[C@@H](CCc1ccccc1)C(=O)O)C(=O)N1CCC[C@@H]1C(=O)O,-6.6599998,405.49500000000023,1.2352000000000007,29,30,12,4,5
CCn1cc(C(=O)O)c(=O)c2cc(F)c(N3CCNC(C)C3)c(F)c21,-4.8000002,351.353,1.7959,25,27,3,2,5
CN(C)C(=O)C(CCN1CCC(O)(c2ccc(Cl)cc2)CC1)(c1ccccc1)c1ccccc1,-4.9699998,477.0480000000002,5.088000000000005,34,37,7,1,3
Nc1nc2c(ncn2C2[C@@H](CO)C[C@@H]2CO)c(=O)[nH]1,-6.0599999,265.2729999999999,-1.1364000000000005,19,21,3,4,7
CCCCc1nc(Cl)c(CO)n1Cc1ccc(-c2ccccc2-c2nnn[nH]2)cc1,-6.0727587,422.9200000000001,4.2668000000000035,30,33,8,2,6
CCC(C)C(=O)OC1CC(C)C=C2C=CC(C)C(CCC3CC(O)CC(=O)O3)C21,-4.8400002,404.54700000000025,4.195500000000004,29,31,6,1,5
CC(C(=O)O)c1ccc(CC2CCCC2=O)cc1,-4.3499999,246.30599999999993,2.7864000000000013,18,19,4,1,2
COC(=O)Nc1nc2ccc(C(=O)c3ccccc3)cc2[nH]1,-4.5100002,295.298,2.972200000000001,22,24,3,2,4
Cc1cnc(N/C(O)=C2/C(=O)c3ccccc3S(=O)(=O)N2C)s1,-4.7058601,351.40900000000005,2.10752,23,25,2,2,7
C[C@H]1C[C@H]2[C@@H]3CC[C@](O)(C(=O)CO)[C@@]3(C)C[C@H](O)[C@@H]2[C@@]2(C)C=CC(=O)C=C12,-5.1161518,374.4770000000001,1.8036,27,30,2,3,5
Cc1ccccc1N1C(=O)c2cc(S(N)(=O)=O)c(Cl)cc2N[C@H]1C,-5.3049202000000015,365.8420000000001,2.714120000000001,24,26,2,2,4
Cc1c(O)cccc1C(=O)N[C@@H](CSc1ccccc1)[C@H](O)CN1C[C@H]2CCCC[C@H]2C[C@H]1C(=O)NC(C)(C)C,-6.1500001,567.7960000000003,4.747620000000004,40,43,9,4,6
CC#Cc1cn([C@@H]2O[C@H](CO)[C@@H](O)[C@@H]2O)c(=O)[nH]c1=O,-5.1687455,282.252,-2.4804999999999997,20,21,2,4,7
COC(=O)C1=C(C)NC(C)=C(C(=O)OCCN(C)Cc2ccccc2)C1c1cccc(N(O)O)c1,-4.9305754,481.54900000000015,3.354400000000001,35,37,9,3,9
COC(=O)C1=C(C)NC(C)=C(C(=O)OC)C1c1ccccc1N(O)O,-4.3319983,348.355,1.8521999999999998,25,26,4,3,8
COC(=O)C1=C(C)NC(C)=C(C(=O)OCC(C)C)C1c1ccccc1N(O)O,-4.6999998,390.43600000000004,2.8784,28,29,6,3,8
CCOC(=O)C1=C(C)NC(C)=C(C(=O)OC)C1c1cccc(N(O)O)c1,-4.6200309,362.382,2.2423,26,27,5,3,8
CN(C)CC/C=C1/c2ccccc2COc2ccc(CC(=O)O)cc21,-5.0100002,337.4190000000001,3.589500000000002,25,27,5,1,3
C[C@@H]1O[C@@H](O[C@H]2C[C@@H](O)[C@@]3(CO)[C@H]4[C@H](O)C[C@]5(C)[C@@H](C6=CC(=O)OC6)CC[C@]5(O)[C@@H]4CC[C@]3(O)C2)[C@H](O)[C@H](O)[C@H]1O,-6.9593034,584.6590000000006,-1.5149999999999972,41,46,4,8,12
O=C(O)CCc1nc(-c2ccccc2)c(-c2ccccc2)o1,-4.48,293.32200000000006,4.025800000000003,22,24,5,1,3
CC(=O)CCCCn1c(=O)c2c(ncn2C)n(C)c1=O,-4.1799998,278.31200000000007,0.19300000000000006,20,21,5,0,7
CCC1(c2ccccc2)C(=O)NC(=O)NC1=O,-4.630000099999998,232.23899999999995,0.7004,17,18,2,2,3
CN1C(C(=O)Nc2ccccn2)=C(O)c2ccccc2S1(=O)=O,-4.4490995,331.35300000000007,1.5809999999999997,23,25,2,2,5
CCC(C)C(=O)O[C@@H]1C[C@@H](O)C=C2C=C[C@@H](C)[C@@H](CC[C@@H](O)C[C@@H](O)CC(=O)O)[C@@H]21,-5.869999900000002,424.5340000000002,2.4404000000000003,30,31,10,4,6
COc1cc2nc(N3CCN(C(=O)c4occc4Cl)CC3)nc(N)c2cc1OC,-4.8899999,417.85300000000024,2.4380000000000006,29,32,4,1,8
CC(C(=O)O)c1ccc2c(c1)Cc1cccnc1O2,-4.3899999,255.27299999999997,2.9662000000000006,19,21,2,1,3
C[C@]12CC(O)[C@H]3[C@@H](CCC4=CC(=O)C=C[C@@]43C)[C@@H]1CC[C@]2(O)C(=O)CO,-5.369999900000002,360.4500000000002,1.5575999999999999,26,29,2,3,5
CN(C)CCCN1c2ccccc2Sc2ccccc21,-4.380000099999998,284.42800000000005,4.241000000000003,20,22,4,0,3
CC(CN1c2ccccc2Sc2ccccc21)N(C)C,-3.7777722,284.428,4.239400000000003,20,22,3,0,3
CCc1nc(N)nc(N)c1-c1ccc(Cl)cc1,-4.23,248.71700000000004,2.5238000000000005,17,18,2,2,4
C=C[C@H]1CN2CC[C@H]1C[C@@H]2C(O)c1ccnc2ccc(OC)cc12,-4.6799998,324.4240000000001,3.1732000000000014,24,27,4,1,4
O=C(c1ccc(OCCN2CCCCC2)cc1)c1c(-c2ccc(O)cc2)sc2cc(O)ccc12,-5.7227535000000005,473.5940000000001,6.075200000000007,34,38,7,2,6
CC(C)(C)S(=O)(=O)C[C@H](Cc1ccccc1)C(=O)N[C@@H](Cc1cnc[nH]1)C(=O)N[C@H](CC1CCCCC1)[C@@H](O)[C@H](O)C1CC1,-6.1300907,630.8520000000002,3.0962000000000023,44,47,15,5,7
COC(=O)[C@H]1[C@H]2C[C@@H]3c4[nH]c5cc(OC)ccc5c4CCN3C[C@H]2C[C@@H](OC(=O)c2cc(OC)c(OC)c(OC)c2)[C@@H]1OC,-5.369999900000002,608.6880000000004,4.171100000000004,44,49,8,1,10
CO[C@@H]1C=CO[C@@]2(C)Oc3c(C)c(O)c4c(c3C2=O)C(=O)/C(=C\NN2CCN(C)CC2)C(=C4O)NC(=O)C(C)=CC=C[C@@H](C)[C@H](O)[C@H](C)[C@H](O)[C@@H](C)[C@@H](OC(C)=O)[C@@H]1C,-5.399786,822.9530000000003,3.4262200000000025,59,63,4,6,15
NS(=O)(=O)c1ccc(C2=C(c3ccccc3)C(=O)OC2)cc1,-4.619999900000002,315.3500000000001,1.8016,22,24,3,1,4
CC(C)(C)NC(=O)C1CC2CCCCC2CN1CC(O)C(Cc1ccccc1)NC(=O)C(CC(N)=O)NC(=O)c1ccc2ccccc2n1,-6.2800002,670.855,3.092400000000003,49,53,12,5,7
CCC(C)(C)C(=O)O[C@@H]1C[C@H](C)C=C2C=C[C@@H](C)[C@@H](CC[C@@H]3C[C@H](O)CC(=O)O3)[C@@H]21,-5.170000099999998,418.57400000000024,4.585600000000005,30,32,6,1,5
O=c1[nH]c(=O)n([C@@H]2O[C@H](CO)[C@@H](O)[C@@H]2O)cc1/C=C/Br,-5.3899999,349.137,-1.4862999999999988,20,21,3,4,7
C[C@H]1CN(c2c(F)c(N)c3c(=O)c(C(=O)O)cn(C4CC4)c3c2F)C[C@@H](C)N1,-4.7784066,392.4060000000002,2.0816,28,31,3,3,6
C=C[C@@H]1CN2CC[C@@H]1C[C@H]2[C@H](O)c1ccnc2ccc(OC)cc12,-4.5008955,324.4240000000001,3.1732000000000014,24,27,4,1,4
Cc1cn([C@H]2C=C[C@@H](CO)O2)c(=O)[nH]c1=O,-5.3483939000000005,224.21599999999998,-0.7090799999999999,16,17,2,2,5
Cc1nnc(NS(=O)(=O)c2ccc(N)cc2)s1,-5.8393164,270.339,1.2295199999999997,17,18,3,2,6
CNS(=O)(=O)Cc1ccc2[nH]cc(CCN(C)C)c2c1,-5.6828976,295.408,1.3211999999999997,20,21,6,2,3
C=CC[C@@H]1/C=C(\C)C[C@H](C)C[C@H](OC)[C@H]2O[C@@](O)(C(=O)C(=O)N3CCCC[C@H]3C(=O)O[C@H](/C(C)=C/[C@@H]3CC[C@@H](O)[C@H](OC)C3)[C@H](C)[C@@H](O)CC1=O)[C@H](C)C[C@@H]2OC,-5.1500001,804.0310000000001,4.639000000000004,57,60,7,3,12
CC/C(=C(/c1ccccc1)c1ccc(OCCN(C)C)cc1)c1ccccc1,-4.3221111,371.524,5.9961000000000055,28,30,8,0,2
NC(=O)n1c(O)c(C(=O)c2cccs2)c2cc(Cl)ccc21,-4.3103647,320.757,3.2196000000000016,21,23,2,2,5
O=C1CCC(N2C(=O)c3ccccc3C2=O)C(=O)N1,-4.6999998,258.23299999999995,0.08779999999999993,19,21,1,1,4
CCS(=O)(=O)CCn1c(N(O)O)cnc1C,-4.52,249.292,0.21102000000000032,16,16,5,2,7
O=c1n(CCCN2CCN(c3cccc(Cl)c3)CC2)nc2ccccn12,-4.619999900000002,371.8720000000001,2.3617,26,29,5,0,6
Cc1nnc2n1-c1ccc(Cl)cc1C(c1ccccc1Cl)=NC2,-4.5500002,343.21700000000004,4.233520000000002,23,26,1,0,4
CCCC(CCC)C(=O)O,-4.3200002,144.214,2.2874,10,9,5,1,1
CCCCC(=O)N(Cc1ccc(-c2ccccc2-c2nnn[nH]2)cc1)[C@H](C(=O)O)C(C)C,-6.2600002,435.52800000000013,4.161700000000002,32,34,10,2,5
COC(=O)C1C(O)CCC2CN3CCc4c([nH]c5ccccc45)C3CC21,-4.8099999,354.45000000000005,2.647100000000001,26,30,1,2,4
Cc1ccc(-c2nc3ccc(C)cn3c2CC(=O)N(C)C)cc1,-4.5,307.39700000000005,3.2488400000000013,23,25,3,0,3
Cc1cc(CC(=O)O)n(C)c1C(=O)c1ccc(Cl)cc1,-4.6100001,291.73400000000004,2.8450200000000017,20,21,4,1,3
O=c1cc(-c2ccccc2)oc2ccccc12,-3.9201083,222.243,3.4600000000000017,17,19,1,0,2
NCC(=O)N1CCC[C@H]1C(=O)O,-5.2123351,172.184,-0.9792999999999998,12,12,2,2,3
c1ccc(C2(N3CCCCC3)CCCCC2)cc1,-4.48,243.39399999999992,4.331900000000004,18,20,2,0,1
CCCCN1C(=O)N(Cc2ccc3[nH]nc(N)c3c2)[C@H](Cc2ccccc2)[C@H](O)[C@@H](O)[C@H]1Cc1ccccc1,-5.6788902000000006,527.6690000000002,4.127200000000003,39,43,9,4,5
CNC(=O)[C@@H](Cc1ccccc1)NC(=O)[C@@H](C)NC(C)=O,-5.7484403,291.35100000000006,-0.015500000000000458,21,21,6,3,3
CNC(=O)[C@@H](Cc1ccccc1)NC(=O)[C@H](NC(C)=O)C(C)C,-5.3900242,319.4050000000001,0.6205999999999992,23,23,7,3,3
CNC(=O)[C@@H](Cc1ccccc1)NC(=O)[C@@H](Cc1ccccc1)NC(C)=O,-5.0499268,367.44900000000007,1.207299999999999,27,28,8,3,3
CNC(=O)[C@@H](Cc1ccccc1)NC(=O)[C@@H](CC1CCCCC1)NC(C)=O,-5.141333599999999,373.49700000000024,1.934999999999998,27,28,8,3,3
CC(=O)N[C@H](C)C(=O)NCCc1ccccc1,-4.6095328,234.29899999999998,0.8699000000000001,17,17,5,2,2
CC(=O)N[C@H](CC(C)C)C(=O)NCCc1ccccc1,-4.513246499999998,276.37999999999994,1.8960999999999995,20,20,7,2,2
CC(=O)N[C@H](Cc1ccccc1)C(=O)NCCc1ccccc1,-4.4210458,310.397,2.0926999999999993,23,24,7,2,2
CC(=O)N[C@H](CC1CCCCC1)C(=O)NCCc1ccccc1,-4.351765599999999,316.44499999999994,2.820400000000001,23,24,7,2,2
CC1CCN(C(=O)CC(Cc2cccc(C(=N)N)c2)NS(=O)(=O)c2ccc3ccccc3c2)CC1,-6.8762317,492.6450000000002,3.6620700000000017,35,38,8,3,4
N=C(N)c1cccc(CC(CC(=O)N2CCCCC2C(=O)O)NS(=O)(=O)c2ccc3ccccc3c2)c1,-7.3814997999999985,522.6270000000002,2.869270000000002,37,40,9,4,5
COC(=O)C1CCCCN1C(=O)CC(Cc1cccc(C(=N)N)c1)NS(=O)(=O)c1ccc2ccccc2c1,-7.1178856,536.6540000000001,2.957670000000001,38,41,9,3,6
N=C(N)c1cccc(CC(CC(=O)N2CCCC(C(=O)O)C2)NS(=O)(=O)c2ccc3ccccc3c2)c1,-7.382024799999999,522.6270000000002,2.726770000000002,37,40,9,4,5
N=C(N)c1cccc(CC(CC(=O)N2CCC(C(=O)O)CC2)NS(=O)(=O)c2ccc3ccccc3c2)c1,-7.3390937,522.6270000000002,2.726770000000002,37,40,9,4,5
COC(=O)C1CCN(C(=O)CC(Cc2cccc(C(=N)N)c2)NS(=O)(=O)c2ccc3ccccc3c2)CC1,-7.0912943,536.6540000000001,2.815170000000001,38,41,9,3,6
N=C(NO)c1cccc(CC(CC(=O)N2CCC(C(=O)O)CC2)NS(=O)(=O)c2ccc3ccccc3c2)c1,-7.3677616,538.6260000000002,2.746870000000002,38,41,9,5,6
CNC(=N)c1cccc(CC(CC(=O)N2CCC(C(=O)O)CC2)NS(=O)(=O)c2ccc3ccccc3c2)c1,-7.1487603,536.6540000000002,2.987470000000002,38,41,9,4,5
CC1CCN(C(=O)CC(Cc2cccc(N)c2)NS(=O)(=O)c2ccc3ccccc3c2)CC1,-4.997839,465.61900000000026,3.960200000000002,33,36,7,2,4
CNC(=N)c1cccc(CC(CC(=O)N2CCC(C)CC2)NS(=O)(=O)c2ccc3ccccc3c2)c1,-6.850390400000001,506.6720000000002,3.9227700000000025,36,39,8,3,4
C=CCc1ccccc1OCC(CNC(C)C)OC(=O)C1CC1,-4.1507826,317.4290000000001,3.1137000000000015,23,24,10,1,4
CC(C)NCC(COc1ccc(CCOCC2CC2)cc1)OC(=O)C1CC1,-4.1300812,375.5090000000001,3.354300000000002,27,29,13,1,5
C=CCOc1ccccc1OCC(CNC(C)C)OC(=O)C1CC1,-4.1920457,333.4280000000001,2.950000000000001,24,25,11,1,5
O=C(O)C1=C/C(=N\Nc2ccc(S(=O)(=O)Nc3ccccn3)cc2)C=CC1=O,-6.5171175,398.4000000000001,1.8002,28,30,6,3,7
CCOc1cccc(NC(=O)OCCN2CCCC2)c1,-4.5500002,278.3519999999999,2.7296000000000005,20,21,6,1,4
CCCOc1cccc(NC(=O)OCCN2CCCC2)c1,-4.5700002,292.37899999999996,3.1197000000000017,21,22,7,1,4
CCCCOc1cccc(NC(=O)OCCN2CCCC2)c1,-4.5900002,306.40600000000006,3.509800000000002,22,23,8,1,4
CCCCCOc1cccc(NC(=O)OCCN2CCCC2)c1,-4.77,320.4330000000001,3.8999000000000024,23,24,9,1,4
N=C(N)c1ccc(-c2ccc(-c3ccc(C(=N)N)cc3)o2)cc1,-6.4201083,304.353,3.1817400000000005,23,25,4,4,3
COc1cc2c(c(OC)c1OC)-c1c(cc3c(c1OC)OCO3)C[C@H](C)[C@@](C)(O)C2,-4.5693183,416.47000000000025,3.602400000000002,30,33,4,1,7
CNCC(O)c1ccc(O)c(O)c1,-6.0188646,183.207,0.35060000000000013,13,13,3,4,4
CN1CCN(c2c(F)cc3c(=O)c(C(=O)O)cn(CCF)c3c2F)CC1,-4.8099742,369.3430000000002,1.6991999999999998,26,28,4,1,5
CO/N=C(/C(=O)N[C@@H]1C(=O)N2C(C(=O)O)=C(CSc3nc(=O)c(=O)[nH]n3C)CS[C@H]12)c1csc(N)n1,-6.604713,554.592,-1.6112999999999973,36,39,8,4,14
CC1(C)S[C@H]2[C@@H](NC(=O)Cc3ccccc3)C(=O)N2[C@@H]1C(=O)O,-5.8697934,334.39700000000005,0.8607999999999998,23,25,4,2,4
O=c1[nH]c(=O)n([C@H]2O[C@@H](CO)[C@H](O)[C@H]2O)cc1/C=C/Br,-5.3989701,349.137,-1.4862999999999988,20,21,3,4,7
NC(=O)CC[C@H](N)C(=O)O,-6.0702906,146.14600000000002,-1.3361999999999998,10,9,4,3,3
CN1CCC(c2c[nH]c3ccc(NC(=O)c4ccc(F)cc4)cc23)CC1,-5.3211966,351.4250000000001,4.368500000000003,26,29,3,2,2
C[C@@H]1C[C@H]2[C@@H]3CCC4=CC(=O)C=C[C@]4(C)[C@@]3(F)[C@@H](O)C[C@]2(C)[C@@]1(O)C(=O)COC1O[C@@H](CO)[C@H](O)[C@@H](O)[C@@H]1O,-6.3982739,554.6080000000004,-0.28009999999999885,39,43,5,6,10
OC[C@@H]1O[C@@](O)(CO)[C@H](O)[C@H]1O[C@@H]1O[C@H](CO)[C@H](O)[C@H](O)[C@H]1O,-6.5364394,342.297,-5.395599999999993,23,24,5,8,11
N=C(N)c1ccc2nc(-c3ccccn3)[nH]c2c1,-6.4579659000000005,237.26600000000002,1.90897,18,20,2,3,3
C[C@H](N)C(=O)O,-5.4201083,89.09399999999998,-0.5817999999999999,6,5,1,2,2
C/N=C(\NC#N)NCCSCc1csc(N=C(N)N)n1,-5.6587887000000014,312.42800000000005,-0.07271999999999912,20,20,6,4,6
CN(CC(=O)O)C(=O)CN,-4.9000001,146.14599999999996,-1.5118999999999982,10,9,3,2,3
Cc1ccc2cc(C(=O)NC3(C(=O)N[C@H](Cc4ccccc4)C(=O)NCC4CCN(CC5CCOCC5)CC4)CCCC3)sc2c1,-5.291214900000001,644.8820000000001,5.234620000000005,46,51,11,3,6
CC[C@@]1(O)C(=O)OCc2c1cc1n(c2=O)Cc2cc3c(N(O)O)cccc3nc2-1,-5.198543099999998,395.3710000000001,1.6644,29,33,2,3,9
CC(C)NCC(O)COc1ccc(NC=O)cc1,-5.4279842,252.31400000000002,0.9925999999999993,18,18,8,3,4
CCC(=O)Nc1ccc(OCC(O)CNC(C)C)cc1,-5.2198415,280.36799999999994,1.7727999999999997,20,20,8,3,4
Cc1onc(-c2ccccc2)c1C(=O)N[C@@H]1C(=O)N2[C@@H](C(=O)O)C(C)(C)S[C@H]12,-4.879711599999999,401.44400000000013,1.89532,28,31,4,2,6
C[C@@H](O)[C@@H]1NC(=O)[C@H](CCCCN)NC(=O)[C@@H](Cc2c[nH]c3ccccc23)NC(=O)[C@H](Cc2ccccc2)NC(=O)[C@@H]2CCCN2C(=O)[C@H](Cc2ccccc2)NC1=O,-6.2209244,806.9649999999998,1.134200000000011,59,64,11,8,8
C[C@@H](O)[C@@H]1NC(=O)[C@H](CCCCN)NC(=O)[C@@H](Cc2c[nH]c3ccccc23)NC(=O)[C@H](Cc2ccccc2)NC(=O)[C@@H]2CCCN2C(=O)[C@H](Cc2ccccc2)N(C)C1=O,-6.3005152,820.9919999999997,1.476400000000011,60,65,11,7,8
C[C@@H](O)[C@@H]1NC(=O)[C@H](CCCCN)NC(=O)[C@@H](Cc2c[nH]c3ccccc23)N(C)C(=O)[C@H](Cc2ccccc2)NC(=O)[C@@H]2CCCN2C(=O)[C@H](Cc2ccccc2)NC1=O,-6.3989701,820.9919999999998,1.4764000000000104,60,65,11,7,8
C[C@@H](O)[C@@H]1NC(=O)[C@H](CCCCN)N(C)C(=O)[C@@H](Cc2c[nH]c3ccccc23)N(C)C(=O)[C@H](Cc2ccccc2)NC(=O)[C@@H]2CCCN2C(=O)[C@H](Cc2ccccc2)NC1=O,-6.742363900000001,835.0189999999999,1.8186000000000107,61,66,11,6,8
CC(=O)N[C@@H](Cc1ccccc1)C(N)=O,-5.10009,206.24499999999998,0.21909999999999996,15,15,4,2,2
CC(=O)N[C@@H](Cc1ccccc1)C(=O)N[C@H](Cc1ccccc1)C(N)=O,-5.6994848,353.4220000000001,0.9465999999999999,26,27,8,3,3
CC(=O)N[C@@H](Cc1ccccc1)C(=O)N[C@H](Cc1ccccc1)C(=O)N(C)[C@@H](Cc1ccccc1)C(N)=O,-5.3484769,514.6260000000002,2.0162999999999998,38,40,12,3,4
CC(=O)N[C@@H](Cc1ccccc1)C(=O)N(C)[C@H](Cc1ccccc1)C(=O)N(C)[C@@H](Cc1ccccc1)C(N)=O,-4.922927400000002,528.6530000000002,2.358499999999999,39,41,12,2,4
CC(=O)N(C)[C@@H](Cc1ccccc1)C(=O)N(C)[C@H](Cc1ccccc1)C(=O)N(C)[C@@H](Cc1ccccc1)C(N)=O,-4.6937804000000005,542.6800000000003,2.7007000000000003,40,42,12,1,4
CNC(=O)[C@H](Cc1ccccc1)N(C)C(=O)[C@@H](Cc1ccccc1)N(C)C(=O)[C@H](Cc1ccccc1)N(C)C(C)=O,-4.494889700000001,556.7070000000001,2.9613999999999994,41,43,12,1,4
CS(=O)(=O)N[C@H](Cc1ccccc1)C(=O)N1CCC[C@H]1C(=O)NCC1CCN(C(=N)N)CC1,-6.561124799999999,478.61900000000037,-0.14042999999999717,33,35,8,4,5
CCOC(=O)NC(=N)c1ccc2nc(Cc3nc4ccccc4[nH]3)[nH]c2c1,-6.152451,362.39300000000003,3.101470000000001,27,30,4,4,5
CC(=O)NCC1CN(c2cc(F)c(-c3ccncc3)c(F)c2)C(=O)O1,-4.29,347.3210000000001,2.4881,25,27,4,1,4
CC(=O)NC[C@H]1CN(c2ccc(N3CCOCC3)c(F)c2)C(=O)O1,-4.6788902000000006,337.35100000000006,1.1235999999999997,24,26,4,1,5
CC(=S)NC[C@H]1CN(c2ccc(N3CCCS(=O)CC3)c(F)c2)C(=O)O1,-5.338621099999999,399.51300000000015,2.0465999999999998,26,28,4,1,5
CCC(=S)NC[C@H]1CN(c2ccc(N3CCN(C=O)CC3)c(F)c2)C(=O)O1,-4.4579659000000005,394.47200000000015,1.7562999999999998,27,29,6,1,5
O=C(CO)N1CCN(c2ccc(N3C[C@H](CNC(=S)C4CC4)OC3=O)cc2F)CC1,-4.4308991,436.5090000000003,1.1187999999999987,30,33,6,2,6
CCC(=S)NC[C@H]1CN(c2ccc(N3CCN(C(=O)CO)CC3)c(F)c2)C(=O)O1,-4.7423639,424.4980000000002,1.1187999999999998,29,31,6,2,6
CC(=O)NC[C@H]1CN(c2ccc(-c3ccc(C#N)nc3)c(F)c2)C(=O)O1,-4.3783755,354.3410000000001,2.2206799999999998,26,28,4,1,5
CC(=S)NC[C@H]1CN(c2ccc(N3CCCS(=O)(=O)CC3)c(F)c2)C(=O)O1,-4.6391363,415.51200000000017,1.7127,27,29,4,1,6
CC(=O)NC[C@H]1CN(c2ccc(-c3nnc(CC/C(C)=N\O)s3)c(F)c2)C(=O)O1,-5.250906,421.4540000000001,2.5882000000000005,29,31,7,2,8
NC(=S)NC[C@H]1CN(c2ccc(C3CCS(=O)(=O)CC3)c(F)c2)C(=O)O1,-5.8880281,401.4850000000002,1.2762999999999995,26,28,4,2,5
COc1cc(C(=O)N2CC[C@](CCN3CCC(C(N)=O)(c4ccccc4)CC3)(c3ccc(Cl)c(Cl)c3)C2)cc(OC)c1OC,-5.4105153,640.6080000000001,5.712300000000005,44,48,10,1,6
COc1cc(C(=O)N2CC[C@](CCN3CCC(C(=O)N4CCOCC4)(c4ccccc4)CC3)(c3ccc(Cl)c(Cl)c3)C2)cc(OC)c1OC,-5.0814137000000015,710.6990000000002,6.085800000000008,49,54,10,0,7
CNC(=O)C(c1ccc2nc(N)n(C(C)C)c2c1)c1cccc(F)c1F,-5.0,358.392,3.355500000000002,26,28,4,2,4
CC(C)C(NC(=O)[C@@H]1CCCN1C(=O)[C@@H](NC(=O)c1ccc(C(=O)N2CCOCC2)cc1)C(C)C)C(=O)C(F)(F)C(F)(F)F,-5.098455,632.6270000000005,2.8119000000000014,44,46,10,2,6
CC(C)NS(=O)(=O)n1c(N)nc2ccc(C(C(N)=O)c3cc(F)ccc3F)cc21,-4.5388007,423.4450000000001,1.6048000000000002,29,31,6,3,6
CC(C)C(NC(=O)[C@@H]1CCCN1C(=O)[C@@H](NC(=O)N1CCOCC1)C(C)C)C(=O)C(F)(F)C(F)(F)F,-4.517849900000001,528.5190000000002,1.9512999999999987,36,37,8,2,5
CNC(=O)C(c1ccc2nc(N)n(C3CCCC3)c2c1)c1ccccc1F,-4.907450700000001,366.44,3.750600000000002,27,30,4,2,4
Cc1ncc(C[n+]2csc(CCO)c2C)c(N)n1,-5.2685814,265.36199999999997,0.60774,18,19,4,2,5
O=C(CS)NCCCCCC(=O)Nc1cccc2cccnc12,-4.8496218,331.44100000000003,2.779700000000001,23,24,8,3,4
COC(=O)c1cc(OC)c2c(c1-c1c(CO)cc(OC)c3c1OCO3)OCO2,-4.7979398,390.3440000000002,2.1071,28,31,5,1,9
NC(Cc1ccccc1)C(=O)OC[C@@H]1O[C@H](n2cc(F)c(=O)[nH]c2=O)C[C@H]1O,-5.3891382000000005,393.3710000000001,-0.5626999999999993,28,30,6,3,8
CCC(C)C(N)C(=O)OC[C@@H]1O[C@H](n2cc(F)c(=O)[nH]c2=O)C[C@H]1O,-5.5908804000000005,359.3540000000001,-0.7592999999999983,25,26,6,3,8
CC(C)C(N)C(=O)NC(Cc1ccccc1)C(=O)OC[C@@H]1O[C@H](n2cc(F)c(=O)[nH]c2=O)C[C@H]1O,-6.080461,492.50400000000025,-0.4218999999999981,35,37,9,4,9
CC(C)CC(N)C(=O)NCC(=O)OC[C@@H]1O[C@H](n2cc(F)c(=O)[nH]c2=O)C[C@H]1O,-5.4206805000000005,416.4060000000001,-1.6430999999999965,29,30,8,4,9
O=C(O)C(O)Cc1ccc(O)c(O)c1,-5.9118199,198.174,0.08580000000000004,14,14,3,4,4
O=C(/C=C/c1ccc(O)c(O)c1/C=C/c1ccc(O)c(O)c1)OC(Cc1ccc(O)c(O)c1)C(=O)O,-7.2277412,494.4520000000002,3.342900000000003,36,38,8,7,9
O=C(O)Cc1c(/C=C/C(=O)OC(Cc2ccc(O)c(O)c2)C(=O)O)ccc(O)c1O,-7.179570699999998,418.3540000000001,1.3883999999999999,30,31,8,6,8
O=C(/C=C/c1ccc(O)c2c1C(C(=O)O)C(c1ccc(O)c(O)c1)O2)OC(Cc1ccc(O)c(O)c1)C(=O)O,-7.0891552,538.4610000000004,2.7688000000000015,39,42,8,7,10
CCCCCCC(N)C(=O)N[C@@H](Cc1c(C)cc(O)cc1C)C(=O)N1CCC[C@@H]1C(=O)N[C@@H](Cc1c[nH]c2ccccc12)C(=O)N[C@@H](Cc1ccccc1)C(N)=O,-6.222376799999998,779.9830000000002,3.7466400000000046,57,61,19,7,7
COc1ccc(-c2oc3c(CC=C(C)C)c(O[C@@H]4O[C@H](CO)[C@@H](O)[C@H](O)[C@H]4O)ccc3c(=O)c2O[C@@H]2O[C@H](CO)[C@@H](O)[C@H](O)[C@H]2O[C@@H]2O[C@@H](C)[C@H](O)[C@@H](O)[C@H]2O)cc1,-6.4910722000000005,822.8100000000005,-1.8134999999999963,58,63,12,10,19
COc1ccc(-c2oc3c(CC=C(C)C)c(O[C@@H]4O[C@H](CO)[C@@H](O)[C@H](O)[C@H]4O)cc(O)c3c(=O)c2O[C@H]2O[C@H](C)[C@@H](O)[C@H](O)[C@@H]2O[C@H]2OC[C@H](O)[C@@H](O)[C@@H]2O)cc1,-6.5595455000000005,808.7830000000006,-1.4687999999999986,57,62,11,10,19
COc1ccc(-c2oc3c(CC=C(C)C)c(O[C@@H]4O[C@H](CO)[C@@H](O)[C@H](O)[C@H]4O)cc(O)c3c(=O)c2O[C@H]2O[C@H](C)[C@@H](O)[C@H](O)[C@@H]2O)cc1,-6.2292061,676.6680000000005,0.06789999999999852,48,52,9,8,15
COc1ccc(-c2oc3c(CC=C(C)C)c(O)cc(O)c3c(=O)c2O[C@H]2O[C@H](C)[C@@H](O)[C@H](O)[C@@H]2O)cc1,-5.8378239,514.5270000000003,2.5948,37,40,6,5,10
O=c1ccc2ccc(O)cc2o1,-4.5710139000000005,162.14399999999998,1.4986,12,13,0,1,3
C/C=C(/C)C(=O)O[C@H](c1cc2ccc(=O)oc2cc1OC)[C@H](O)C(C)(C)O,-4.8123703,376.40500000000014,2.4839000000000007,27,28,6,2,7
C/C=C(/C)C(=O)O[C@@H]([C@@H](O)c1cc2ccc(=O)oc2cc1OC)C(C)(C)O,-4.8499289,376.40500000000014,2.4839000000000007,27,28,6,2,7
C/C=C\C#C/C=C/C(O)CCCCCC(C)=O,-4.3099017,234.33899999999988,3.0225000000000017,17,16,7,1,2
C/C=C\C#CC/C=C\CCCCCC(C)=O,-5.0,218.33999999999992,4.051700000000003,16,15,7,0,1
C#CC#CC/C=C\CCCCCC(C)=O,-4.492425,202.29699999999994,3.1088000000000022,15,14,7,0,1
O=C(/C=C/c1ccc2c(c1)nc(CCc1ccccc1)n2CCN1CCCC1)NO,-5.5207167,404.51400000000024,3.4359,30,33,8,2,5
Cn1cncc1CN1CC(N(Cc2cccc(-n3cccc3)c2)S(=O)(=O)c2ccccn2)Cc2cc(C#N)ccc21,-5.6391363,563.6870000000002,4.2998800000000035,41,46,8,0,8
Cn1cncc1CN1CC(N(Cc2ccccn2)S(=O)(=O)c2ccccn2)Cc2cc(C#N)ccc21,-5.7979398,499.60000000000025,2.90418,36,40,7,0,8
CCOC(=O)N1CCC(CN(C2Cc3cc(C#N)ccc3N(Cc3cncn3C)C2)S(=O)(=O)c2ccccn2)CC1,-5.5875134000000015,577.7110000000001,3.177480000000002,41,45,8,0,9
O=C(NC1(C(=O)N[C@@H](Cc2ccccc2)C(=O)NCCCN2CCOCC2)CCCC1)c1cc2ccccc2s1,-5.0478787,562.7360000000006,3.5099000000000036,40,44,11,3,6
O=C(NC1(C(=O)N[C@H](Cc2ccccc2)C(=O)NCCCN2CCOCC2)CCCC1)c1ccc(-c2ccccc2)cc1,-4.7399998,582.7450000000007,3.9622000000000037,43,47,12,3,5
O=C(NC1(C(=O)N[C@H](Cc2ccccc2)C(=O)NCCCN2CCOCC2)CCCC1)c1cc2ccccc2o1,-5.2209244,546.6680000000006,3.041400000000002,40,44,11,3,6
O=C(NC1(C(=O)N[C@H](Cc2ccccc2)C(=O)NC2CCN(CC3CCOCC3)CC2)CCCC1)c1cc2ccccc2s1,-5.0700002,616.8280000000007,4.678600000000004,44,49,10,3,6
O=C(NC1(C(=O)N[C@H](Cc2ccccc2)C(=O)NCCC2CCN(CC3CCOCC3)CC2)CCCC1)c1cc2ccccc2s1,-5.4094677,644.8820000000006,5.316300000000005,46,51,12,3,6
CCN(CC)c1ccc2cc(C(=O)NC3(C(=O)N[C@H](Cc4ccccc4)C(=O)NCC4CCN(CC5CCOCC5)CC4)CCCC3)sc2c1,-4.997839,701.9779999999997,5.7724000000000055,50,55,14,3,7
O=C(O)c1ccncc1,-5.1900001,123.11099999999998,0.7797999999999999,9,9,1,1,2
Nc1cccnc1,-4.5380535,94.117,0.6638000000000001,7,7,0,1,2
NC(=O)c1ccncc1,-4.2782722,122.12699999999997,0.18049999999999994,9,9,1,1,2
Clc1ccncc1,-4.220202,113.54699999999998,1.7349999999999997,7,7,0,0,1
OCc1ccncc1,-4.0902224,109.12799999999999,0.5739,8,8,1,1,2
c1ccc(-c2ccncc2)cc1,-4.0680037,155.2,2.7486000000000006,12,13,1,0,1
Nc1ccncc1,-4.0202255,94.11699999999999,0.6638000000000001,7,7,0,1,2
CCc1ccncc1,-3.9723473,107.15599999999998,1.644,8,8,1,0,1
c1ccncc1,-3.9703081,79.10199999999998,1.0816,6,6,0,0,1
Cc1ccncc1,-3.9612868,93.12899999999999,1.39002,7,7,0,0,1
c1ccc(-c2cccnc2)cc1,-3.8880284,155.2,2.7486000000000006,12,13,1,0,1
CN1C2CC[C@@H]1CC(OC(c1ccccc1)c1ccc(Cl)cc1)C2,-4.9114642,341.88200000000006,5.071200000000005,24,27,4,0,2
CN1C2CC[C@@H]1CC(OC(c1ccc(Cl)cc1)c1cccc(Cl)c1)C2,-5.5975828000000005,376.3270000000001,5.724600000000005,25,28,4,0,2
COc1ccc2c(=O)cc(-c3ccccc3)oc2c1,-4.6479459,252.269,3.468600000000002,19,21,2,0,3
COc1cc(OC)c2c(=O)cc(-c3ccccc3)oc2c1,-4.6313224,282.2950000000001,3.4772000000000025,21,23,3,0,4
COc1ccc(-c2cc(=O)c3c(OC)cc(OC)cc3o2)cc1,-4.5595455000000005,312.321,3.485800000000002,23,25,4,0,5
O=c1cc(-c2ccc(O)cc2)oc2cc(O)ccc12,-5.2123351,254.24099999999999,2.871200000000001,19,21,1,2,4
O=c1cc(-c2ccccc2)oc2cc(O)cc(O)c12,-5.0105972,254.24099999999999,2.8712000000000013,19,21,1,2,4
O=c1cc(-c2ccc(O)cc2)oc2cc(O)cc(O)c12,-4.9821801,270.24,2.576800000000001,20,22,1,3,5
Cn1cnc(S(=O)(=O)N(CCN(Cc2cncn2C)c2ccc(C#N)cc2)Cc2ccccc2)c1,-5.9593034000000005,489.6050000000002,2.922980000000001,35,38,10,0,8
Cn1cnc(S(=O)(=O)N(CCN(Cc2cncn2C)c2ccc(C#N)cc2)CC2CCCCC2)c1,-5.8219547,495.65300000000036,3.3030800000000013,35,38,10,0,8
CC(C)(C)NC(=O)[C@@H]1CC2CCCCC2CN1CC(OC(=O)CCCCC1SCC2NC(=O)NC21)[C@H](Cc1ccccc1)NC(=O)[C@H](CC(N)=O)NC(=O)c1ccc2ccccc2n1,-6.4094677,897.1559999999998,4.369100000000007,64,70,18,6,10
CN1C(=O)CN(CCC(=O)O)C(=O)c2cc(NCc3ccc(C(=N)N)cc3)ccc21,-6.4579659000000005,409.44600000000014,1.4760700000000004,30,32,7,4,5
CCOC(=O)CCN1CC(=O)N(C)c2ccc(OCc3ccc(C(=N)N)cc3)cc2C1=O,-6.3682656,438.4840000000002,1.9214699999999996,32,34,8,2,6
CCOC(=O)CCN1CC(=O)N(C)c2ccc(NCc3ccc(C(=N)N)cc3)cc2C1=O,-6.8519359,437.5000000000002,1.9545699999999993,32,34,8,3,6
CC(OC(=O)NCC1(CC(=O)O)CCCCC1)OC(=O)C(C)C,-4.5093193,329.39300000000003,2.683,23,23,7,2,5
CC[C@]1(O)C(=O)OCc2c1cc1n(c2=O)-c2cc3ccccc3nc2C1,-4.3318486,348.35800000000006,1.9443000000000001,26,30,1,1,6
CN(C)C(=O)NS(=O)(=O)n1c(N)nc2ccc(C(C(N)=O)c3cccc(F)c3)cc21,-4.1700001,434.45300000000015,0.7389000000000011,30,32,5,3,7
CC(C)n1c(N)nc2ccc(C(C(N)=O)c3cccc(F)c3F)cc21,-5.187450900000001,344.36500000000007,3.094800000000001,25,27,4,2,4
COc1ccc2c(c1OC)C[N+]1(Cc3ccc(Cl)cc3)CCc3cc4c(cc3C1C2)OCO4.[Cl-],-6.2314224000000005,500.42200000000025,2.4604,34,38,4,0,4
Cc1nccc2c1[nH]c1cc(O)ccc12,-5.302258999999999,198.225,2.7301200000000003,15,17,0,2,2
COC(=O)C(C)NP(=O)(OC[C@@H]1C=C[C@H](n2cc(C)c(=O)[nH]c2=O)O1)Oc1ccc(C)cc1,-5.8474512,479.4260000000003,1.9618399999999987,33,35,9,2,9
COC(=O)C(C)NP(=O)(OC[C@@H]1C=C[C@H](n2cc(C)c(=O)[nH]c2=O)O1)Oc1ccc(Cl)cc1,-5.7328787000000005,499.8440000000003,2.306819999999999,33,35,9,2,9
COC(=O)C(C)NP(=O)(OC[C@@H]1C=C[C@H](n2cc(C)c(=O)[nH]c2=O)O1)Oc1ccc(Br)cc1,-5.6954093,544.2950000000003,2.41592,33,35,9,2,9
COC(=O)C(C)NP(=O)(OC[C@@H]1C=C[C@H](n2cc(C)c(=O)[nH]c2=O)O1)Oc1ccc(I)cc1,-5.130000099999998,591.2950000000003,2.2580199999999992,33,35,9,2,9
CC[C@@H]1OC(=O)[C@@H](C)[C@H](O[C@@H]2C[C@](C)(OC)[C@H](O)[C@@H](C)O2)[C@H](C)[C@H](O[C@@H]2O[C@H](C)C[C@H](N(C)C)[C@H]2O)[C@@](C)(O)C[C@@H](C)/C(=N\OCOCCOC)[C@H](C)[C@@H](O)[C@@]1(C)O,-5.7397189000000015,837.058,2.2096000000000076,58,60,13,5,17
Cn1c(N)nc2ncc(-c3ccccc3)cc21,-4.820511799999999,224.26700000000002,2.2175000000000002,17,19,1,1,4
COc1cc(C)ccc1S(=O)(=O)NC(=O)C(c1ccc2c(c1)OCO2)c1cn(C)c2cc(C#N)ccc12,-5.1011863,517.5630000000002,3.732700000000003,37,41,6,1,8
COc1cc(C)ccc1S(=O)(=O)NC(=O)C(c1ccc2c(c1)OCO2)c1cn(C)c2cc(F)ccc12,-4.6994848,510.54300000000023,4.000120000000003,36,40,6,1,7
COc1cc(C)ccc1S(=O)(=O)NC(=O)C(c1ccc2c(c1)OCO2)c1cn(C)c2cc(C(C)=O)ccc12,-5.8519359,534.5900000000003,4.063620000000004,38,42,7,1,8
COCc1ccc2c(C(C(=O)NS(=O)(=O)c3ccc(C)cc3OC)c3ccc4c(c3)OCO4)cn(C)c2c1,-5.3005152,536.6060000000003,4.007420000000003,38,42,8,1,8
Cc1ccc(S(=O)(=O)NC(=O)C(c2ccc3c(c2)OCO3)c2cn(C)c3cc(CO)ccc23)cc1,-5.769775900000001,492.5530000000003,3.3447200000000024,35,39,6,2,7
COCCn1cc(C(C(=O)NS(=O)(=O)c2ccc(C)cc2OC)c2ccc3c(c2)OCO3)c2ccc(COC)cc21,-5.7979398,580.6590000000002,4.116820000000003,41,45,11,1,9
COCCn1cc(C(C(=O)NS(=O)(=O)c2ccc(C)cc2OC)c2ccc3c(c2)OCO3)c2ccc(F)cc21,-5.720623000000002,554.5960000000003,4.109520000000003,39,43,9,1,8
Cn1c(C(=O)NC2(C(=O)N[C@H](Cc3ccccc3)C(=O)NCCCN3CCOCC3)CCCC2)cc2ccccc21,-4.9723473,559.7110000000006,2.786900000000003,41,45,11,3,6
O=C(NC1(C(=O)N[C@H](Cc2ccccc2)C(=O)NCCCN2CCC(O)CC2)CCCC1)c1cc2ccccc2s1,-5.8519359,576.7630000000006,3.634400000000003,41,45,11,4,6
O=C(NC1(C(=O)N[C@H](Cc2ccccc2)C(=O)NCCCC(=O)N2CCC(N3CCOCC3)CC2)CCCC1)c1cc2ccccc2s1,-5.769775900000001,673.8800000000005,3.8910000000000036,48,53,12,3,7
O=C(NC1(C(=O)N[C@H](Cc2ccccc2)C(=O)NCCC(=O)N2CCN(C3CCOCC3)CC2)CCCC1)c1cc2ccccc2s1,-5.8880281,659.8530000000005,3.5009000000000032,47,52,11,3,7
O=C(NC1(C(=O)N[C@H](Cc2ccccc2)C(=O)NCC2CCN(CC3CCOCC3)CC2)CCCC1)c1cc2ccc(C(F)(F)F)cc2s1,-5.1919103,698.8520000000008,5.9450000000000065,49,54,11,3,6
COc1ccc2cc(C(=O)NC3(C(=O)N[C@H](Cc4ccccc4)C(=O)NCC4CCN(CC5CCOCC5)CC4)CCCC3)sc2c1,-5.9593034000000005,660.8809999999999,4.934800000000004,47,52,12,3,7
CCO[C@H](CCC(C)(C)O)[C@](C)(O)[C@H]1CC[C@@]2(O)C3=CC(=O)[C@@H]4C[C@@H](O)[C@@H](O)C[C@@]4(C)C3CC[C@]12C,-4.8600001,508.69600000000037,2.8982,36,39,7,5,7
C=CCO[C@H](CCC(C)(C)O)[C@](C)(O)[C@H]1CC[C@@]2(O)C3=CC(=O)[C@@H]4C[C@@H](O)[C@@H](O)C[C@@]4(C)C3CC[C@]12C,-4.6900001,520.7070000000003,3.064300000000001,37,40,8,5,7
COC(C)(C)CC[C@@H](O)[C@](C)(O)[C@H]1CC[C@@]2(O)C3=CC(=O)[C@@H]4C[C@@H](O)[C@@H](O)C[C@@]4(C)C3CC[C@]12C,-4.7600002,494.6690000000003,2.5080999999999998,35,38,6,5,7
CO[C@H](CCC(C)C)[C@](C)(O)[C@H]1CC[C@@]2(O)C3=CC(=O)[C@@H]4C[C@@H](O)[C@@H](O)C[C@@]4(C)C3CC[C@]12C,-4.579999900000002,478.6700000000003,3.393200000000002,34,37,6,4,6
CC(C)(O)CC[C@@H](O)[C@](C)(O)[C@H]1CC[C@@]2(O)C3=CC(=O)[C@@H]4C[C@@H](O)[C@@H](O)C[C@@]4(C)C3CC[C@]12C,-4.79,480.64200000000034,1.8539999999999994,34,37,5,6,7
CC(C)CC[C@@H](O)[C@](C)(O)[C@H]1CC[C@@]2(O)C3=CC(=O)[C@]4(O)C[C@@H](O)[C@@H](O)C[C@@]4(C)C3[C@@H](O)C[C@]12C,-4.9000001,496.64100000000025,0.8247999999999993,35,38,5,7,8
CCCCC/C=C\C/C=C\CCCCCCCC(=O)OCC/C=C/c1ccc(OC)c(OC)c1,-4.8498521,470.6940000000002,8.463800000000006,34,34,20,0,4
CCCCCCCC/C=C\CCCCCCCC(=O)OCC/C=C/c1ccc(OC)c(OC)c1,-5.0101638,472.7100000000002,8.687800000000006,34,34,21,0,4
COc1ccc(/C=C/CCO)cc1OC,-4.8428431,208.25699999999998,2.0994,15,15,5,1,3
O=c1c2ccccc2nc2n1CCc1c-2[nH]c2ccccc12,-5.0582528,287.322,3.100900000000001,22,26,0,1,3
CN1c2ccccc2C(=O)N2CCc3c([nH]c4ccccc34)C21,-4.632256,303.365,3.3148000000000017,23,27,0,1,2
Cc1csc(NC(=O)C(C(=O)OC(C)C)=C2SCS2)n1,-4.5100002,330.456,2.9907200000000014,20,21,4,1,7
C[N+](C)(C)CCO,-4.9521427000000005,104.17299999999999,-0.3150999999999999,7,6,2,1,1
C/C=C/C/C=C/CCC(=O)[C@@H]1O[C@@H]1C(N)=O,-5.4224062,223.272,1.1107999999999998,16,16,7,1,3
C=C1C[C@]23CC[C@H]4[C@@](C)(CCC[C@@]4(C)C(=O)OC4O[C@@H](CO)[C@H](O)[C@@H](O)[C@@H]4O)C2CC(O[C@H]2O[C@@H](CO)[C@H](O)C(O[C@H]4O[C@@H](CO)[C@H](O)[C@@H](O)[C@@H]4O)[C@@H]2O[C@H]2O[C@@H](CO)[C@H](O)[C@@H](O)[C@@H]2O)[C@H]1C3,-6.9593034,967.0210000000008,-5.257999999999982,67,74,12,14,23
C[C@H](NC(=O)[C@H](N)Cc1ccccc1)C(=O)N[C@H](CO)C(=O)O,-6.2819986,323.3490000000001,-1.377199999999998,23,23,8,5,5
COC(=O)c1cc(OC)c2c(c1-c1c(C(=O)OC)cc(OC)c3c1OCO3)OCO2,-4.1687455,418.35400000000027,2.4014000000000006,30,33,5,0,10
COC(=O)Nc1nc2ccccc2[nH]1,-4.1011863,191.19000000000003,1.7411999999999996,14,15,1,2,3
CCCCCN(CCCOC)C(=O)[C@@H](CCC(=O)O)NC(=O)c1ccc(Cl)c(Cl)c1,-5.140130999999999,461.3860000000001,4.0119000000000025,30,30,14,2,4
COC(=O)[C@H](N)CCCCNC(=S)Nc1ccc2c(c1)C(=O)OC21c2ccc(O)cc2Oc2cc(O)ccc21,-5.8313413,549.6050000000004,3.6228000000000016,39,43,7,5,9
CC[C@@H]1C2CCCCN3CCC(C23)[C@@H]2[C@H](C)C(=O)O[C@H]12,-4.9198675000000005,277.408,2.6945000000000006,20,23,1,0,3
CC(C)=CC(=O)O[C@@H]1Cc2cc3ccc(=O)oc3cc2OC1(C)C,-4.9204097,328.3640000000001,3.384500000000002,24,26,2,0,5
ON(O)NC1=NCCN1Cc1ccc(Cl)nc1,-4.6677732,257.681,0.49160000000000026,17,18,3,3,7
COc1ccc(CC2c3cc(OC)c(OC)cc3CCN2C)cc1OC,-4.5497985,357.45000000000016,3.492700000000003,26,28,6,0,5
COc1ccc2cc1Oc1ccc(cc1)CC1c3c(cc4c(c3Oc3cc5c(cc3OC)CCN(C)C5C2)OCO4)CCN1C,-4.1877432,606.7190000000002,6.873900000000009,45,52,2,0,8
COC(=O)[C@H]1[C@H](O)CC[C@@H]2CN3CCc4c([nH]c5ccccc45)[C@H]3C[C@H]21,-4.729893700000001,354.45000000000005,2.647100000000001,26,30,1,2,4
CC(=O)NC(Cc1c[nH]c2ccccc12)C(=O)NC(C)C(=O)NCC(=O)NCC(=O)NC(CC(=O)O)C(=O)NC(C)C(N)=O,-7.4981046,616.6320000000002,-3.0982999999999956,44,45,16,9,8
CC(=O)NCC(=O)N[C@@H](CC(N)=O)C(=O)N[C@@H](C)C(N)=O,-6.5900002,301.30300000000005,-3.5272999999999968,21,20,8,5,5
CC(=O)NCC(=O)N[C@@H](CCCCN)C(=O)N[C@@H](C)C(N)=O,-7.0100002,315.374,-2.2736999999999963,22,21,10,5,5
CC1NC(=O)C(CC(=O)O)NC(=O)CNC(=O)CNC(=O)C(C)NC(=O)C(Cc2c[nH]c3ccccc23)NC1=O,-7.0307584,557.5640000000002,-2.589899999999993,40,42,4,8,7
O=C1C[C@@H]2OCC=C3CN4CC[C@]56c7ccccc7N1[C@H]5[C@H]2[C@H]3C[C@H]46,-4.5086198,334.41900000000004,2.0925000000000002,25,31,0,0,3
COc1cc2c(cc1OC)[C@]13CCN4CC5=CCO[C@@H]6CC(=O)N2[C@@H]1[C@@H]6[C@@H]5C[C@@H]43,-4.7786422,394.4710000000001,2.1097,29,35,2,0,5
COc1cc2c(cc1OC)[C@]13CC[N+]4([O-])CC5=CCO[C@@H]6CC(=O)N2[C@@H]1[C@@H]6[C@@H]5C[C@H]34,-5.46,410.47000000000014,2.1223,30,36,2,0,5
O=C1C[C@H]2OCC=C3CN4C[C@H](O)C56c7ccccc7N1[C@@H]5[C@H]2[C@H]3CC46,-4.6001629999999984,350.41800000000006,1.063299999999999,26,32,0,1,4
C=CC1=C(C)/C(=C\c2[nH]c(Cc3[nH]c(/C=C4/NC(=O)C(C)=C4C=C)c(C)c3CCC(=O)O)c(CCC(=O)O)c2C)NC1=O,-6.1314831,584.6730000000005,4.531240000000002,43,46,12,6,4
C=CC1=C(C)/C(=C\c2[nH]c(Cc3[nH]c(/C=C4/NC(=O)C(C)=C4C=C)c(C)c3CCC(=O)NCCS(=O)(=O)O)c(CCC(=O)NCCS(=O)(=O)O)c2C)NC1=O,-6.0594678,798.9410000000001,2.370040000000003,55,58,18,8,8
C=CC1=C(C)/C(=C\C2=N/C(=C\c3[nH]c(/C=C4/NC(=O)C(C)=C4C=C)c(C)c3CCC(=O)O)C(CCC(=O)O)=C2C)NC1=O,-5.6290045,582.6570000000004,4.806520000000003,43,46,11,5,5
COc1cnn(C)c(=O)c1-c1ccc(C[C@@H](CO)NC(=O)c2c(Cl)cccc2Cl)cc1,-5.6010299,462.3330000000001,3.0961000000000016,31,33,7,2,6
COc1ccc2c(O[C@@H]3C[C@H]4C(=O)N[C@]5(C(=O)NS(=O)(=O)C6CC6)C[C@H]5/C=C\CCCCN(C)C(=O)[C@@H]4C3)cc(-c3nc(C(C)C)cs3)nc2c1,-4.8880281,735.9290000000001,4.945700000000004,51,57,8,2,10
COc1ccc2c(O[C@@H]3C[C@H]4C(=O)N[C@]5(C(=O)NS(=O)(=O)C6CC6)C[C@H]5/C=C\CCCCN(C)C(=O)[C@@H]4C3)cc(-c3nc(C(C)C)cs3)nc2c1C,-5.0778604000000005,749.956,5.254120000000005,52,58,8,2,10
COc1ccc2c(O[C@@H]3C[C@H]4C(=O)N[C@]5(C(=O)NS(=O)(=O)C6CC6)C[C@H]5/C=C\CCCCN(C)C(=O)[C@@H]4C3)cc(-c3nc(C(C)C)cs3)nc2c1Cl,-5.238286,770.374,5.599100000000005,52,58,8,2,10
COc1ccc2c(O[C@@H]3C[C@H]4C(=O)N[C@]5(C(=O)NS(=O)(=O)C6CC6)C[C@H]5/C=C\CCCCN(C)C(=O)[C@@H]4C3)cc(-n3ccc(C(C)C)n3)nc2c1C,-4.8219547,732.904,4.316320000000003,52,58,8,2,10
COc1ccc2c(O[C@@H]3C[C@H]4C(=O)N[C@]5(C(=O)NS(=O)(=O)C6CC6)C[C@H]5/C=C\CCCCN(C)C(=O)[C@@H]4C3)cc(-c3cccc(C(C)C)n3)nc2c1C,-4.9204097,743.927,5.192620000000004,53,59,8,2,9
COc1ccc(-c2cc(=O)c3c(O)cc(OC4O[C@H](CO[C@@H]5OC[C@@H](O)[C@H](O)[C@H]5O)[C@@H](O)[C@H](O)[C@H]4O)cc3o2)cc1O,-6.1599998,594.5220000000003,-1.4782000000000002,42,46,7,8,15
O=c1cc(-c2ccc(O)cc2)oc2cc(O)c([C@@H]3O[C@H](CO)[C@@H](O)[C@H](O)[C@H]3O)c(O)c12,-6.2003298,432.38100000000014,0.09169999999999978,31,34,3,7,10
COc1ccc(-c2cc(=O)c3c(O)cc(O[C@@H]4O[C@H](CO)[C@@H](O)[C@H](O)[C@H]4O)cc3o2)cc1O,-6.9204097,462.40700000000015,0.05849999999999955,33,36,5,6,11
O=c1c(O)c(-c2ccc(O)cc2)oc2cc(O)cc(O)c12,-4.9899998,286.23900000000003,2.2824000000000004,21,23,1,4,6
COc1ccc(-c2oc3cc(O)cc(O)c3c(=O)c2O)cc1O,-5.0013065,316.26500000000004,2.2910000000000017,23,25,2,4,7
C[C@@H]1O[C@@H](Oc2c(-c3ccc(O)c(O)c3)oc3cc(O)cc(O)c3c2=O)[C@@H](O)[C@H](O)[C@@H]1O,-6.0999999,448.38000000000017,0.4886999999999995,32,35,3,7,11
O=c1c(O[C@@H]2O[C@H](CO)[C@@H](O)[C@H](O)[C@H]2O)c(-c2ccc(O)c(O)c2)oc2cc(O)cc(O)c12,-6.27,464.37900000000025,-0.5388999999999995,33,36,4,8,12
COc1cc(-c2oc3cc(O)cc(O)c3c(=O)c2OC2O[C@H](CO[C@H]3O[C@H](C)[C@@H](O)[C@H](O)[C@@H]3O)[C@@H](O)[C@H](O)[C@H]2O)ccc1O,-6.5388007,624.5480000000003,-1.3840999999999999,44,48,7,9,16
O=C1CC(c2ccc(O)c(O)c2)Oc2cc(O)cc(O)c21,-5.2800002,288.25500000000005,2.215500000000001,21,23,1,4,6
O=c1c(-c2ccc(O)cc2)coc2c(C3O[C@H](CO)[C@@H](O)[C@H](O)[C@H]3O)c(O)ccc12,-6.3989701,416.38200000000006,0.3860999999999998,30,33,3,6,9
O=C(/C=C/c1ccc(O)cc1)c1ccc(O)cc1O,-4.8378239,256.257,2.699500000000001,19,20,3,3,4
Oc1cc(O)c2c(c1)O[C@H](c1ccc(O)c(O)c1)[C@H](O)C2,-6.4311924000000005,290.271,1.5460999999999998,21,23,1,5,6
Cc1ccc(N2CCN(C(=O)[C@H](C)Cc3ccc(Cl)cc3)CC2)c([C@@H](N)C(C)C)c1,-5.3000002,428.02000000000027,4.831620000000004,30,32,6,1,3
CNCCN[C@H](c1cc(C)ccc1N1CCN(C(=O)[C@H](C)Cc2ccc(Cl)cc2F)CC1)C(C)C,-5.52,503.1060000000002,4.821020000000003,35,37,10,2,4
CNCC(=O)N[C@H](c1cccc(F)c1N1CCN(C(=O)[C@H](C)Cc2ccc(Cl)cc2Cl)CC1)C(C)C,-5.6999998,537.5070000000002,4.692600000000004,36,38,9,2,4
CC(C)[C@H](NC(=O)CCN(C)C)c1cccc(F)c1N1CCN(C(=O)[C@H](C)Cc2ccc(Cl)cc2)CC1,-5.0,531.1160000000001,4.771500000000005,37,39,10,1,4
Cc1ccc(N2CCN(C(=O)[C@H](C)Cc3ccc(Cl)cc3)CC2)c([C@@H](NC(=O)CCN)C(C)C)c1,-5.521439099999999,499.0990000000004,4.337920000000003,35,37,9,2,4
CNCCC(=O)N[C@H](c1cc(C)ccc1N1CCN(C(=O)[C@H](C)Cc2ccc(Cl)cc2)CC1)C(C)C,-4.9204097,513.1260000000003,4.598620000000004,36,38,10,2,4
Cc1ccc(N2CCN(C(=O)[C@H](C)Cc3ccc(Cl)cc3F)CC2)c([C@@H](NC(=O)CCN(C)C)C(C)C)c1,-4.4308991,545.1430000000004,5.079920000000005,38,40,10,1,4
COc1cc(Cl)ccc1C[C@@H](C)C(=O)N1CCN(c2ccc(Cl)cc2[C@@H](NC(=O)C(C)N)C(C)C)CC1,-5.521439099999999,549.543,4.689900000000002,37,39,9,2,5
CC(C)[C@H](NC(=O)CCN(C)C)c1cc(Cl)ccc1N1CCN(C(=O)[C@H](C)Cc2ccc(Cl)cc2)CC1,-5.0478787,547.5710000000001,5.285800000000005,37,39,10,1,4
Oc1ccc(-c2cnc(-c3cccc(O)c3)o2)cc1,-5.1011863,253.25700000000003,3.4198000000000013,19,21,2,2,4
O=C(Nc1ccc(Cl)cc1)c1ccnn1CCc1ccncc1,-5.1590075,326.78700000000003,3.4265000000000017,23,25,5,1,4
CCc1ccc(NC(=O)c2ccnn2CCc2ccncc2)cc1,-5.0116143,320.396,3.3355000000000024,24,26,6,1,4
O=C(Nc1ccc(OC(F)(F)F)cc1)c1ccnn1CCc1ccncc1,-5.1515226,376.3380000000001,3.671700000000002,27,29,6,1,5
O=C(Nc1ccc(OC(F)(F)Cl)cc1)c1ccnn1CCc1ccncc1,-5.3275695,392.7930000000001,3.9410000000000025,27,29,7,1,5
CC(C)(C)c1ccc(NC(=O)c2ccnn2CCc2ccncc2)cc1,-5.1295056,348.45,4.070600000000003,26,28,5,1,4
CC(C)c1ccc(NC(=O)c2ccnn2CCc2ccncc2)cc1,-5.0886235,334.423,3.8965000000000023,25,27,6,1,4
Cc1cc(COc2ccc(C(=O)N[C@@H]3CC4(C[C@@H]3C(=O)NO)OCCO4)cc2)c2ccccc2n1,-5.7423639,477.51700000000017,2.8791200000000012,35,39,6,3,7
Cc1cc(COc2ccc(C(=O)N[C@@H]3C[C@@]4(CCCO4)C[C@@H]3C(=O)NO)cc2)c2ccccc2n1,-5.6319547,475.54500000000013,3.685220000000002,35,39,6,3,6
O=C(Nc1cccc(C(F)(F)F)c1)c1nscc1NCc1ccncc1,-5.158072,378.3790000000001,4.421300000000002,26,28,5,2,5
O=C(Nc1cccc(OC(F)(F)F)c1)c1nscc1NCc1ccncc1,-5.1003633000000015,394.37800000000004,4.301100000000002,27,29,6,2,6
CC(C)(C)c1cccc(NC(=O)c2nscc2NCc2ccncc2)c1,-5.2516832,366.49000000000007,4.700000000000003,26,28,5,2,5
O=C(Nc1cccc(Br)c1)c1nscc1NCc1ccncc1,-5.2606096,389.2780000000001,4.165000000000002,23,25,5,2,5
Cc1ccc(NC(=O)c2nscc2NCc2ccncc2)cc1C(F)(F)F,-5.2295737,392.40600000000006,4.729720000000002,27,29,5,2,5
O=C(Nc1cccc(C(F)(F)F)c1)c1nscc1NCc1ccnc2ccccc12,-5.5700002,428.43900000000014,5.574500000000003,30,33,5,2,5
Cn1c(NCCCN2CCC(CN3c4ccccc4Sc4ccc(C(=O)O)cc43)CC2)cc(=O)n(C)c1=O,-5.8989701,535.6700000000004,3.5991000000000017,38,42,8,2,9
CN(CCCN1CCC(CN2c3ccccc3Sc3ccc(C(=O)O)cc32)CC1)c1cc(=O)n(C)c(=O)n1C,-5.7209244,549.6970000000002,3.623400000000002,39,43,8,1,9
Cn1c(N2CCCN(CCCN3c4ccccc4Sc4ccc(C(=O)O)cc43)CC2)cc(=O)n(C)c1=O,-4.8289509000000015,521.6430000000004,2.987300000000002,37,41,6,1,9
Cn1c(N2CCCN(CCCN3c4ccccc4Sc4c(C(=O)O)cccc43)CC2)cc(=O)n(C)c1=O,-5.8005152,521.6430000000004,2.987300000000002,37,41,6,1,9
Cn1c(N2CCN(CCN3c4ccccc4Sc4ccc(C(=O)O)cc43)CC2)cc(=O)n(C)c1=O,-5.3099999,493.5890000000004,2.2070999999999996,35,39,5,1,9
Cn1c(N2CCN(CCCCN3c4ccccc4Sc4ccc(C(=O)O)cc43)CC2)cc(=O)n(C)c1=O,-4.6900001,521.6430000000004,2.987300000000001,37,41,7,1,9
Cn1c(N2CCCN(CCCN3c4ccccc4Sc4ccc(CC(=O)O)cc43)CC2)cc(=O)n(C)c1=O,-5.2600002,535.6700000000004,2.9162000000000017,38,42,7,1,9
Cn1c(N2CCCN(CCCN3c4ccccc4Sc4ccc(CCC(=O)O)cc43)CC2)cc(=O)n(C)c1=O,-5.1100001,549.6970000000003,3.306300000000002,39,43,8,1,9
Cn1c(N2CCCN(CCCN3c4ccccc4Sc4ccc(C(C)(C)C(=O)O)cc43)CC2)cc(=O)n(C)c1=O,-5.0,563.7240000000003,3.6513000000000027,40,44,7,1,9
Cn1c(N2CCCN(CCCN3c4ccccc4Sc4ccc(OCC(=O)O)cc43)CC2)cc(=O)n(C)c1=O,-5.8005152,551.6690000000003,2.7525000000000013,39,43,8,1,10
Cn1c(N2CCCN(CCCN3c4ccccc4Sc4ccc(/C=C/C(=O)O)cc43)CC2)cc(=O)n(C)c1=O,-4.6493707,547.6810000000003,3.3869000000000016,39,43,7,1,9
Cn1c(C2=CCN(CCCN3c4ccccc4Sc4ccc(CC(=O)O)cc43)CC2)cc(=O)n(C)c1=O,-4.8289509000000015,518.6390000000004,3.4932000000000007,37,41,7,1,8
CC(C)[C@@H](C(=O)N[C@H](C)Cc1ccc(O)c(C(C)(C)C)c1)N(C)C(=O)[C@@H](N)Cc1ccccc1,-4.9186072,467.6540000000002,3.789900000000002,34,35,9,3,4
CC[C@]1(O)C[C@H]2CN(CCc3c([nH]c4ccccc34)[C@@](C(=O)OC)(c3cc4c(cc3OC)N(C)[C@H]3[C@@]5(C[C@]6(CC)C=CCN7CC[C@]43[C@@H]76)OC(=O)N(CCCl)C5=O)C2)C1,-4.8616409,826.4349999999997,5.501600000000006,59,68,7,2,10
C[C@H]1C[C@@]2(C)C(=CC(=O)[C@@H]3[C@]4(C)CC[C@@H](O)[C@@](C)(C(=O)O)[C@H]4CC[C@]32C)[C@@H]2[C@@H](C)[C@H](C)CC[C@H]12,-5.8000002,470.6940000000003,6.124400000000007,34,38,1,2,3
c1ccc2c(NCCCCCCCNc3c4c(nc5ccccc35)CCCC4)c3c(nc2c1)CCCC3,-5.441246499999999,492.7110000000004,8.015100000000007,37,42,10,2,4
Cc1c(O)c2c(c(C)c1CCO)C(=O)C(C)(C)C2,-4.7597256,248.32199999999995,2.30884,18,19,2,2,3
Cc1c(O)c2c(c(C)c1CCO[C@@H]1O[C@H](CO)[C@@H](O)[C@H](O)[C@H]1O)C(=O)C(C)(C)C2,-6.0107207,410.46300000000014,0.13303999999999938,29,31,5,5,8
O=c1c(OC2O[C@H](CO)[C@@H](O)[C@H](O)[C@H]2O)c(-c2ccc(OC3O[C@H](CO)[C@@H](O)[C@H](O)[C@H]3O)c(O)c2)oc2cc(O)cc(O)c12,-7.0478787,626.5200000000002,-3.065799999999999,44,48,7,11,17
CC(NC(=O)[C@@H](N)CCC(=O)OCc1ccccc1)C(=O)O,-5.6912522,308.334,0.42660000000000026,22,22,8,3,5
CC(NC(=O)[C@@H](N)COCc1ccccc1)C(=O)O,-5.9906998,266.29699999999997,0.11980000000000007,19,19,7,3,4
C[C@H](CCC(=O)NCC(=O)[O-])[C@H]1CC[C@H]2[C@H]3[C@H](C[C@H](O)[C@@]21C)[C@@]1(C)CC[C@@H](O)C[C@H]1C[C@H]3O,-5.7141905,464.6230000000003,1.2302000000000004,33,36,6,4,6
O=C1C[C@@H](c2ccc(C[C@H](NS(=O)(=O)c3ccccc3)c3nc4ccccc4[nH]3)cc2F)S(=O)([O-])=N1,-6.521439099999999,527.5790000000001,3.5341000000000022,36,40,7,2,6
C[C@@H](O)[C@@H]1NC(=O)[C@H](CCCCN)N(C)C(=O)[C@@H](Cc2c[nH]c3ccccc23)NC(=O)[C@H](Cc2ccccc2)NC(=O)[C@@H]2CCCN2C(=O)[C@H](Cc2ccccc2)N(C)C1=O,-6.570000200000001,835.0189999999998,1.8186000000000107,61,66,11,6,8
CN(C)CC1CCCCC1(O)c1cccc(O)c1,-4.7799463,249.354,2.331600000000001,18,19,3,2,3
Oc1cc(O)c2c(c1)O[C@H](c1cc(O)c(O)c(O)c1)[C@H](O)C2,-6.8284068,306.27000000000004,1.2517,22,24,1,6,7
O=C(O)c1ccccc1-c1c2ccc(=O)cc-2oc2cc(O)ccc12,-4.77,332.31100000000004,3.9686000000000012,25,28,2,2,4
CCO/N=C(\N)c1ccc(-c2ccc(-c3ccc(/C(N)=N/OCC)cc3)o2)cc1,-5.2295737,392.4590000000001,3.9272000000000027,29,31,8,2,5
CC(C)CCn1c(=O)c(C2=NS(=O)(=O)c3ccccc3N2)c(O)c2cccn21,-4.9593034000000005,400.4600000000001,2.4137000000000004,28,31,4,2,7
CC1=C[C@@H]2O[C@@H]3[C@@H](O)C[C@](C)([C@]34CO4)[C@]2(CO)[C@@H](O)C1=O,-5.3005152,296.319,-0.8377000000000003,21,24,1,3,6
NCCCCN,-4.5179658,88.15400000000001,-0.3159999999999998,6,5,3,2,2
CSCC[C@H](NC(=O)[C@H](Cc1ccccc1)NC(=O)CNC(=O)CNC(=O)[C@@H](N)Cc1ccc(O)cc1)C(=O)O,-7.380000099999998,573.6720000000005,-0.45559999999999384,40,41,16,7,8
CSCC[C@H](NC(=O)[C@H](Cc1ccccc1)NC(=O)CNC(=O)[C@@H](C)NC(=O)[C@@H](N)Cc1ccc(O)cc1)C(=O)O,-7.02,587.6990000000004,-0.06709999999999489,41,42,16,7,8
CN[C@@H](CCSC)C(=O)NC(=O)[C@H](Cc1ccccc1)NC(=O)CNC(=O)[C@@H](C)NC(=O)[C@@H](N)Cc1ccc(O)cc1,-7.309999900000001,600.7420000000003,-0.4056999999999933,42,43,16,7,9
CC(=O)NCC1CN(c2ccc(C(C)=O)cc2)C(=O)O1,-4.5900002,276.29200000000003,1.3504999999999998,20,21,4,1,4
CC(=O)c1ccc(N2CC(CO)OC2=O)cc1,-4.1799998,235.23899999999998,1.2066999999999999,17,18,3,1,4
CC(=O)c1ccc(N2CC(CN)OC2=O)cc1,-4.8499999,234.25499999999997,1.1731,17,18,3,1,4
CCCOCOCC1CN(c2ccc(C(C)=O)cc2)C(=O)O1,-3.95,307.34600000000006,2.615100000000001,22,23,8,0,5
CC(=O)NC(O)CNc1ccc(C(C)=O)cc1,-5.2199998,236.271,0.7555999999999996,17,17,5,3,4
CC(=O)NCC1CN(c2ccc(C(C)=O)cc2)S(=O)N1C,-5.119999900000002,309.3910000000001,0.7243999999999999,21,22,4,1,3
CC(=O)NCC1CN(c2ccc(C(C)O)cc2)C(=O)N1,-5.6999998,277.324,0.7741999999999998,20,21,4,3,3
CC(=O)NCC1CN(S(=O)(=O)c2ccc(C)cc2)C(=O)O1,-4.7199998,312.34700000000004,0.64062,21,22,4,1,5
CC(=O)c1ccc2c(c1)N1C(=O)OCC1CC2,-4.0100002,231.25099999999992,2.1605999999999996,17,19,1,0,3
CC(=O)N[C@@H](Cc1c[nH]c2ccccc12)C(=O)N[C@@H](C)C(=O)NCC(=O)NCC(=O)N[C@@H](CCCCN)C(=O)N[C@@H](C)C(N)=O,-7.309999900000001,629.7190000000002,-2.4439999999999955,45,46,18,9,8
O=c1nc(O)ccn1[C@@H]1O[C@H](CO)[C@@H](O)[C@@H]1O,-6.0999999,244.20299999999997,-2.4396,17,18,2,4,8
CC(C)[C@H](N)C(=O)OC[C@H]1O[C@@H](n2ccc(O)nc2=O)[C@@H](O)[C@@H]1O,-5.23,343.33600000000007,-1.9053999999999989,24,25,5,4,10
CCCCC(=O)NS(=O)(=O)c1ccccc1-c1ccc(Cn2c(CCC)nc(CC)c2C(=O)O)c(F)c1,-5.1999998,529.6340000000005,4.945700000000005,37,39,12,2,6
CC(C)S(=O)(=O)n1c(N)nc2ccc(/C(=C/C(N)=O)c3c(F)c(F)c(F)c(F)c3F)cc21,-4.1999998,474.4110000000002,2.8173000000000004,32,34,5,2,6
CC(C)S(=O)(=O)n1c(N)nc2ccc(/C(=C/C(N)=O)c3cc(F)c(F)c(F)c3)cc21,-4.329999900000002,438.43100000000015,2.5391000000000004,30,32,5,2,6
CNC(=O)/C=C(\c1cccc(F)c1)c1ccc2nc(N)n(S(=O)(=O)NC(=O)N3CCOCC3)c2c1,-4.3899999,502.5280000000003,1.07,35,38,5,3,8
CNC(=O)/C=C(\c1cccc(F)c1)c1ccc2nc(N)n(S(=O)(=O)NC(=O)N3CCCC3)c2c1,-4.099999899999999,486.5290000000003,1.8336,34,37,5,3,7
NC(=O)/C=C(\c1cccc(F)c1)c1ccc2nc(N)n(S(=O)(=O)NC(=O)N3CCOCC3)c2c1,-4.7399998,488.5010000000003,0.8093000000000004,34,37,5,3,8
CNC(=O)/C=C(/c1ccc2nc(N)n(C3CCCC3)c2c1)c1ccccc1F,-5.1500001,378.4510000000001,4.050400000000002,28,31,4,2,4
C[C@@H]1O[C@@H](O[C@H]2[C@H](Oc3cc(O)c4c(c3)O[C@H](c3ccc(O)cc3)CC4=O)O[C@H](CO)[C@@H](O)[C@@H]2O)[C@H](O)[C@H](O)[C@H]1O,-6.820000200000001,580.5390000000003,-1.1652000000000007,41,45,6,8,14
Clc1ccc2c(c1)NC(N1CCNCC1)=c1ccccc1=N2,-4.6799998,312.804,1.6876999999999998,22,25,1,2,4
CCCCCCCCCC(=O)Nc1ccc(S(=O)(=O)Nc2nncs2)cc1,-5.46,410.5650000000001,4.4181000000000035,27,28,12,2,6
CCCCCCCCCCCCc1ccc(S(=O)(=O)Nc2nncs2)cc1,-5.3200002,409.62100000000004,5.802300000000005,27,28,14,1,5
CCC[C@H](NC(=O)C1[C@H]2CCC[C@H]2CN1C(=O)[C@@H](NC(=O)[C@@H](NC(=O)c1cnccn1)C1CCCCC1)C(C)(C)C)C(=O)C(=O)NC1CC1,-5.3200002,679.8629999999999,2.4459000000000035,49,53,13,4,8
COc1ccc2c(O[C@@H]3CC4C(=O)N[C@]5(C(=O)O)C[C@@H]5/C=C\CCCCC[C@H](NC(=O)OC5CCCC5)C(=O)N4C3)cc(-c3csc(NC(C)C)n3)nc2c1,-5.6599998,774.941,6.052700000000005,55,61,9,4,11
N=C(N)c1cccc(-n2nc(C(F)(F)F)cc2C(=O)Nc2ncc(-c3ccccc3S(N)(=O)=O)cn2)c1,-7.0,530.4920000000001,2.5318700000000005,37,40,6,4,8
Cc1cc(C(=O)Nc2ccc(-c3ccccc3S(N)(=O)=O)cc2F)n(-c2cccc(CN)c2)n1,-6.0,479.53700000000026,3.345220000000001,34,37,6,3,6
Cc1cc(C(=O)Nc2ccc(-c3ccccc3S(C)(=O)=O)cc2)n(-c2cccc(CN)c2)n1,-5.9000001,460.55900000000025,3.962220000000001,33,36,6,2,6
NCc1cccc(-n2nc(C(F)(F)F)cc2C(=O)Nc2ccc(-c3ccccc3S(N)(=O)=O)cc2F)c1,-6.0,533.5070000000002,4.055600000000001,37,40,6,3,6
CS(=O)(=O)c1ccccc1-c1ccc(NC(=O)c2cc(C(F)(F)F)nn2-c2cccc(CN)c2)cc1,-5.5,514.5290000000002,4.672600000000003,36,39,6,2,6
CS(=O)(=O)c1ccccc1-c1ccc(NC(=O)c2cc(C(F)(F)F)nn2-c2cccc(CN)c2)c(F)c1,-5.3000002,532.5190000000002,4.811700000000003,37,40,6,2,6
COC(=O)/C=C/CNC(=O)CN1C(=O)[C@@H](COC(=O)Nc2ccc(Cl)cc2C(F)(F)F)N=C(c2ccccc2)c2ccccc21,-5.420000099999998,643.018,5.005500000000004,45,48,9,2,7
Oc1cccc2ccccc12,-4.4899998,144.17299999999997,2.5454000000000008,11,12,0,1,1
CC(C)C[C@H](O)[C@H](O)[C@H](CC1CCCCC1)NC(=O)CCCCCc1ccccc1,-5.1500001,417.6340000000002,5.012600000000004,30,31,13,3,3
O=C(O)CC(CC1CCN(C(=O)CCc2ccc3c(n2)NCCC3)CC1)c1cnc2ccccc2c1,-5.8899999,486.61600000000027,4.807700000000005,36,40,8,2,5
O=C(O)CC(CC1CCN(C(=O)CCc2ccc3c(n2)NCCC3)CC1)C1CNc2ccccc2C1,-5.5999999,490.6480000000003,4.376300000000003,36,40,8,3,5
O=C(O)CC(C1CCN(C(=O)CCCc2ccc3c(n2)NCCC3)CC1)C1CNc2ccccc2C1,-5.2199998,490.6480000000003,4.376300000000003,36,40,8,3,5
O=C(O)C[C@@H](c1cnc2ccccc2c1)N1CC[C@@H](CCCc2ccc3c(n2)NCCC3)C1=O,-5.6900001,458.56200000000035,4.375100000000003,34,38,8,2,5
CC(C)C(N)C(=O)OC[C@@H]1O[C@H](n2cc(F)c(=O)[nH]c2=O)C[C@H]1O,-5.29,345.32700000000006,-1.1493999999999986,24,25,5,3,8
CC(C)[C@H](N)C(=O)OC[C@@H]1O[C@H](n2cc(F)c(=O)[nH]c2=O)C[C@H]1O,-6.0100002,345.32700000000006,-1.1493999999999986,24,25,5,3,8
COC(=O)c1ccc(O)cc1,-4.46,152.149,1.1788,11,11,1,1,3
CCCOC(=O)c1ccc(O)cc1,-4.3899999,180.20299999999997,1.9589999999999999,13,13,3,1,3
CCCCOC(=O)c1ccc(O)cc1,-4.4899998,194.23,2.349100000000001,14,14,4,1,3
CCCCCCCCOC(=O)c1ccc(O)cc1,-4.880000099999998,250.33800000000002,3.909500000000003,18,18,8,1,3
CCc1oc(O)c(Cc2c(O)c(CC=C(C)C)c(O)c(C(C)=O)c2O)c(=O)c1C,-4.71,402.44300000000015,3.6351200000000032,29,30,6,4,7
NC(=O)c1c(F)ccc(OCc2nc3cc(Cl)cnc3s2)c1F,-4.3099999,355.753,3.3008000000000006,23,25,4,1,5
CC(=O)N[C@H](Cc1ccccc1)C(=O)N(C)[C@H](Cc1ccccc1)C(=O)N[C@H](Cc1ccccc1)C(N)=O,-5.0900002,514.6260000000002,2.0162999999999998,38,40,12,3,4
CNC(=O)[C@@H](Cc1ccccc1)NC(=O)[C@@H](Cc1ccccc1)NC(=O)[C@@H](Cc1ccccc1)NC(C)=O,-5.380000099999998,514.6260000000002,1.9347999999999994,38,40,12,4,4
COc1ccc(CN(CCN(C)C)c2ccccn2)cc1,-4.6599998,285.391,2.658400000000001,21,22,7,0,4
FC(F)(F)c1ccc(N2CCNCC2)nc1Cl,-4.5999999,265.66599999999994,2.1634,17,18,1,1,3
CN1C[C@@H]2c3ccccc3Oc3ccc(Cl)cc3[C@H]2C1,-4.73,285.77400000000006,4.258500000000003,20,23,0,0,2
CC1(C)CC(=O)N(CCCCN2CCN(c3ncccn3)CC2)C(=O)C1,-4.6999998,359.47400000000016,1.5539999999999996,26,28,6,0,6
CC1(C)CC(=O)N(CCCCN2CCN(c3ncccn3)CC2)C(=O)C1O,-4.8899999,375.4730000000001,0.5248000000000006,27,29,6,1,7
O=C1CCCN1CCCCN1CCN(c2cc(C(F)(F)F)ccn2)CC1,-4.7399998,370.4190000000001,2.625000000000001,26,28,6,0,4
Clc1ccc(C2CN3CCN=C3c3ccccc32)cc1,-4.7199998,282.774,3.5477000000000025,20,23,1,0,2
O=C(CCCN1CCC(=C(c2ccc(F)cc2)c2ccc(F)cc2)CC1)N1CCCC1,-5.0599999,424.5350000000003,5.265100000000005,31,34,6,0,2
C=CCC(N)c1ccccc1-c1noc2ccccc12,-4.869999900000002,264.328,4.070700000000002,20,22,4,1,3
CC(C)[C@H](NC(=O)[C@H](OCc1ccccc1)[C@H](O)[C@@H](O)[C@@H](OCc1ccccc1)C(=O)N[C@H]1c2ccccc2C[C@H]1O)C(=O)NCCF,-5.8000002,665.7590000000001,1.8799999999999983,48,51,17,6,8
CNC(=O)[C@@H](NC(=O)[C@H](OCc1ccccc1)[C@H](O)[C@@H](O)[C@@H](OCc1ccccc1)C(=O)N[C@H]1c2ccccc2C[C@H]1O)C(C)C,-5.8499999,633.7420000000002,1.5403000000000031,46,49,15,6,8
CC(C)[C@H](NC(=O)[C@H](OCc1ccccc1)[C@H](O)[C@@H](O)[C@@H](OCc1ccccc1)C(=O)N[C@H]1c2ccccc2C[C@H]1O)C(=O)NCC(F)(F)F,-5.54,701.7390000000003,2.4727999999999977,50,53,16,6,8
COc1cc([C@@H]2c3cc4c(cc3[C@@H](OC3OC5COC(c6cccs6)OC5C(O)C3O)[C@H]3COC(=O)[C@H]23)OCO4)cc(OC)c1O,-6.0500002,656.6620000000001,2.752900000000001,46,53,6,3,14
O=C1NCC2(CCCNC2)c2[nH]c(-c3ccnc(-c4cc5ccccc5o4)n3)cc21,-5.8200002,399.4540000000001,3.249500000000002,30,35,2,3,5
COCCCOc1ccc(-c2nccc(-c3cc4c([nH]3)C3(CCCNC3)CNC4=O)n2)cn1,-5.380000099999998,448.5270000000002,2.3136,33,37,7,3,7
c1ccc(Cn2nnnc2C(c2ccc(Cn3cncn3)cc2)N2CCCN(C3CCC3)CC2)cc1,-6.3000002,483.6240000000004,3.0108000000000015,36,41,8,0,9
CN1C(=O)CC(N2CCN(CCCN3c4ccccc4Sc4ccc(CC(=O)O)cc43)CC2)N(C)C1=O,-4.9099998,523.6590000000003,3.1641000000000012,37,41,7,1,7
CN1C(=O)CC(N2CCN(CCCN3c4ccccc4COc4ccc(C(=O)O)cc43)CC2)N(C)C1=O,-5.119999900000002,507.59100000000035,2.6630000000000003,37,41,6,1,7
CN1C(=O)CC(N2CCCN(CCCN3c4ccccc4COc4ccc(CC(=O)O)cc43)CC2)N(C)C1=O,-5.8000002,535.6450000000004,2.982000000000001,39,43,7,1,7
CC(C(=O)O)c1ccc2c(c1)N(CCCN1CCCN(C3CC(=O)N(C)C(=O)N3C)CC1)c1ccccc1CO2,-5.7199998,549.6720000000003,3.543000000000002,40,44,7,1,7
CN1C(=O)CC(N2CCCN(CCCN3c4ccccc4COc4ccc(C(=O)O)cc43)CC2)N(C)C1=O,-5.5,521.6180000000004,3.0531000000000006,38,42,6,1,7
CN1C(=O)CC(N2CCCN(CCCN3c4ccccc4CCc4ccc(CC(=O)O)cc43)CC2)N(C)C1=O,-5.5900002,533.6730000000005,3.1882,39,43,7,1,6
CN1C(=O)CC(N2CCCN(CCCN3c4ccccc4CCc4ccc(C(C)(C)C(=O)O)cc43)CC2)N(C)C1=O,-5.2450004,561.7270000000003,3.923300000000002,41,45,7,1,6
CN1C(=O)CC(N2CCN(CC/C=C3/c4ccccc4COc4ccc(CC(=O)O)cc43)CC2)N(C)C1=O,-5.1399999,518.6140000000004,2.8855000000000013,38,42,6,1,6
CN1C(=O)CC(N2CCCN(CC/C=C3/c4ccccc4COc4ccc(CC(=O)O)cc43)CC2)N(C)C1=O,-5.4000001,532.6410000000004,3.2756000000000016,39,43,6,1,6
CN1C(=O)CC(N2CCN(CC/C=C3/c4ccccc4COc4ccc(C(=O)O)cc43)CC2)N(C)C1=O,-5.0700002,504.5870000000004,2.956600000000001,37,41,5,1,6
CN1C(=O)CC(N2CCCN(CC/C=C3/c4ccccc4COc4ccc(C(=O)O)cc43)CC2)N(C)C1=O,-5.420000099999998,518.6140000000004,3.346700000000002,38,42,5,1,6
CN1C(=O)CC(N2CCN(CC/C=C3/c4ccccc4CCc4ccc(CC(=O)O)cc43)CC2)N(C)C1=O,-4.829999900000002,516.6420000000004,3.0917000000000012,38,42,6,1,5
CN1C(=O)CC(N2CCCN(CC/C=C3/c4ccccc4CCc4ccc(C(=O)O)cc43)CC2)N(C)C1=O,-5.1599998,516.6420000000004,3.552900000000002,38,42,5,1,5
COCN1C(=O)N(COC)C(=O)C(c2ccccc2)(c2ccccc2)C1=O,-4.4499998,368.38900000000007,1.9712999999999996,27,29,6,0,5
O=C1NC(=O)C(c2ccccc2)(c2ccccc2)C(=O)N1,-4.46,280.283,1.3387,21,23,2,2,3
CC1(C)C2[C@@H](O)C[C@@H]3C4(CC[C@]5(C)[C@@H]([C@]6(C)CC[C@H](C(C)(C)O)O6)[C@@H](O)C[C@@]35C)CC24CC[C@@H]1O,-4.5,490.7250000000003,4.436600000000005,35,40,2,4,5
COc1c2ccoc2c(OCC2OC2(C)C)c2oc(=O)ccc12,-4.3000002,316.309,3.104000000000002,23,26,4,0,6
CCCCCCCCCC(=O)OC,-3.51,186.295,3.3001000000000023,13,12,8,0,2
CCCCCCCCCC(=O)NN,-4.1199999,186.299,2.117,13,12,8,2,2
CCCCCCCCCC(=O)N1CCNCC1,-3.8199999,240.39099999999996,2.5589000000000004,17,17,8,1,2
CC1CCC(=O)CCC/C=C/c2cc(O)cc(O)c2C(=O)OC1,-4.98,318.36900000000014,3.4371000000000027,23,24,0,2,5
CC1CCC(O)CCC/C=C/c2cc(O)cc(O)c2C(=O)OC1,-5.27,320.3850000000001,3.228900000000002,23,24,0,3,5
CC1CCC(O)CCCCCc2cc(O)cc(O)c2C(=O)OC1,-4.8200002,322.40100000000007,3.1483000000000017,23,24,0,3,5
CCC[C@H](NC(=O)[C@@H]1[C@H]2CCC[C@H]2CN1C(=O)[C@@H](NC(=O)[C@@H](NC(=O)c1cnccn1)C1CCCCC1)C(C)(C)C)C(=O)C(=O)NC1CC1,-5.3899999,679.8629999999999,2.4459000000000035,49,53,13,4,8
O=C1c2ccccc2-n2c1nc1ccccc1c2=O,-4.1999998,248.24099999999999,1.9300999999999997,19,22,0,0,4
COC(=O)C[C@@H](C(=O)NN(Cc1ccc(Br)cc1)C[C@@](O)(Cc1ccccc1)C(=O)NC1CCOC1)C(C)(C)C,-4.9699998,618.569,3.3866000000000014,40,42,12,3,7
COCCNC(=O)[C@H](NC(=O)[C@](O)(Cc1ccccc1)CN(Cc1ccc(Br)cc1)NC(=O)[C@H](CC(=O)OC)C(C)(C)C)C(C)C,-5.3200002,705.6909999999999,3.3849000000000027,46,47,17,4,8
CNC(=O)[C@H](NC(=O)[C@](O)(Cc1ccccc1)CN(Cc1ccc(Br)cc1)NC(=O)[C@H](CC(=O)OC)C(C)(C)C)C(C)(C)C,-5.5999999,675.665,3.7584000000000026,44,45,13,4,7
CNC(=O)[C@H](NC(=O)[C@](O)(Cc1ccccc1)CN(Cc1ccc(-c2ccccn2)cc1)NC(=O)[C@H](CC(=O)OC)C(C)(C)C)C(C)(C)C,-5.4699998,673.855,4.057900000000004,49,51,14,4,8
CN1CCCC/C=C\[C@@H]2C[C@@]2(C(=O)NS(=O)(=O)C2CC2)NC(=O)[C@@H]2C[C@@H](Oc3nc(-c4ccccc4)nc4ccccc34)C[C@H]2C1=O,-4.6799998,657.7930000000001,3.752200000000003,47,53,6,2,8
COc1ccc2c(O[C@@H]3C[C@H]4C(=O)N[C@]5(C(=O)NS(=O)(=O)C6CC6)C[C@H]5/C=C\CCCCN(C)C(=O)[C@@H]4C3)nc(-c3ccccc3)nc2c1,-4.8899999,687.8190000000002,3.7608000000000015,49,55,7,2,9
COc1ccc2c(O[C@@H]3C[C@H]4C(=O)N[C@]5(C(=O)NS(=O)(=O)C6CC6)C[C@H]5/C=C\CCCCN(C)C(=O)[C@@H]4C3)nc(-c3nc(C(C)C)cs3)nc2c1,-5.2199998,736.917,4.340700000000003,51,57,8,2,11
COc1ccc2c(O[C@@H]3C[C@H]4C(=O)N[C@]5(C(=O)NS(=O)(=O)C6CC6)C[C@H]5/C=C\CCCCN(C)C(=O)[C@@H]4C3)nc(-c3ccc(F)cc3)nc2c1,-4.6999998,705.8090000000002,3.8999000000000024,50,56,7,2,9
COc1ccc2c(O[C@@H]3C[C@H]4C(=O)N[C@]5(C(=O)NS(=O)(=O)C6CC6)C[C@H]5/C=C\CCCCN(C)C(=O)[C@@H]4C3)nc(-c3ccccc3)nc2c1C,-4.8899999,701.8460000000001,4.069220000000002,50,56,7,2,9
COc1ccc(-c2nc(O[C@@H]3C[C@H]4C(=O)N[C@]5(C(=O)NS(=O)(=O)C6CC6)C[C@H]5/C=C\CCCCN(C)C(=O)[C@@H]4C3)c3ccc(OC)c(C)c3n2)cc1,-5.0500002,731.8720000000001,4.0778200000000036,52,58,8,2,10
COc1ccc2c(O[C@@H]3C[C@H]4C(=O)N[C@]5(C(=O)NS(=O)(=O)C6CC6)C[C@H]5/C=C\CCCCCN(C)C(=O)[C@@H]4C3)nc(-c3ccccc3)nc2c1C,-4.5900002,715.8730000000002,4.4593200000000035,51,57,7,2,9
COc1ccc2c(O[C@@H]3C[C@H]4C(=O)N[C@]5(C(=O)NS(=O)(=O)C6CC6)C[C@H]5/C=C\CCCCN(C)C(=O)[C@@H]4C3)nc(-c3ccc(F)cc3)nc2c1C,-4.4899998,719.8360000000001,4.208320000000003,51,57,7,2,9
COc1ccc2c(O[C@H]3C[C@H]4C(=O)NCCCCC/C=C\[C@@H]5C[C@@]5(C(=O)NS(=O)(=O)C5CC5)NC(=O)[C@@H]4C3)nc(-c3ccc(F)cc3)nc2c1C,-4.4899998,719.8359999999999,4.256220000000003,51,57,7,3,9
Nc1c(CC(=O)O)cccc1C(=O)c1ccccc1,-4.52,255.273,2.1269,19,20,4,2,3
C[C@H]1COc2c(N3CCN(C)CC3)c(F)cc3c(=O)c(C(=O)O)cn1c23,-4.5500002,361.37300000000005,1.5439999999999998,26,29,2,1,6
CCOP(=O)(OCC)Oc1ccc(N(O)O)cc1,-4.6900001,277.213,2.8313000000000006,18,18,7,2,7
NC(=O)Cc1cc(/N=N/c2ccc(S(=O)(=O)Nc3ccccn3)cc2)ccc1O,-5.7088718,411.4430000000001,3.0312000000000014,29,31,7,3,7
CCOC(=O)C1=C(COCCN)NC(C)=C(C(=O)OC)C1c1ccccc1Cl,-4.670000099999998,408.88200000000006,2.266300000000001,28,29,8,2,7
COc1cc2nc(N(C)CCCNC(=O)C3CCCO3)nc(N)c2cc1OC,-5.6399999,389.4560000000002,1.3507000000000002,28,30,8,2,8
CCCCc1oc2ccc(NS(C)(=O)=O)cc2c1C(=O)c1ccc(OCCCN(CCCC)CCCC)cc1,-4.52,556.7690000000005,7.0490000000000075,39,41,18,1,6
COc1cc(C(=O)NCc2ccc(OCCN(C)C)cc2)cc(OC)c1OC,-4.96,388.46400000000017,2.5828000000000007,28,29,10,1,6
Clc1ccc2c(c1)CCc1cccnc1C2=C1CCNCC1,-4.059999899999998,310.8280000000001,4.018900000000002,22,25,0,1,2
FC(F)(F)c1cccc(C2=CCN(CCc3ccc4ccccc4c3)CC2)c1,-4.73,381.4410000000001,6.190400000000005,28,31,4,0,1
CS(=O)(=O)Nc1ccc2c(c1)S(=O)(=O)N/C(=C1\C(=O)[C@@H]3[C@H]4CC[C@H](C4)[C@@H]3N(Cc3ccc(F)cc3)C1=O)N2,-5.8899999,560.6290000000004,2.1387999999999994,38,43,4,3,7
C[C@]12C[C@@H](O)[C@@H]3[C@@H](CCC4=CC(=O)CC[C@@]43C)[C@H]1CC[C@H]2C(=O)CO,-4.4850001,346.46700000000016,2.666700000000002,25,28,2,2,4
CO[C@H]1C[C@H](O[C@H]2CC[C@]3(C=O)[C@H]4CC[C@]5(C)[C@@H](C6=CC(=O)OC6)CC[C@]5(O)[C@@H]4CC[C@]3(O)C2)O[C@H](C)[C@H]1O,-5.6999998,548.6730000000005,2.4333000000000005,39,44,5,3,9
O=c1c(-c2ccc(O)cc2)coc2cc(OC3OC(CO)C(O)C(O)C3O)ccc12,-6.3600001,416.38200000000006,0.34429999999999994,30,33,4,5,9
C[C@]12CC[C@H]3[C@@H](CCC4=CC(=O)CC[C@@]43C)[C@@H]1CC[C@@H]2C(=O)CO,-4.670000099999998,330.4680000000001,3.695900000000003,24,27,2,1,3
C#CC#CC/C=C\CCCCC/C=C/C(=O)NCC(C)CC,-4.4299998,299.458,4.238300000000003,22,21,11,1,1
C=C1NC(N)=Nc2c1ncn2COCCOC(=O)CC[C@@H](N)C(=O)O,-5.8099999,352.3510000000001,-0.8873999999999977,25,26,9,4,10
NCC(=O)CCC(=O)O,-5.3400002,131.131,-0.6210000000000004,9,8,4,2,3
CCOC(=O)COc1ccc(C(=O)CN2CCN(C3CCN(C(=O)OCOC(=O)C(C)(C)C)CC3)CC2=O)cc1,-4.2600002,561.6320000000005,2.1032000000000006,40,42,10,0,10
CCOC(=O)[C@H](CCc1ccccc1)N[C@@H](C)C(=O)N1CCC[C@H]1C(=O)O,-5.6719999,376.45300000000026,1.6046,27,28,9,2,5
Nc1nc(=O)c2ncn(COC(CO)CO)c2[nH]1,-6.369999900000002,255.23399999999998,-1.970899999999999,18,19,5,4,8
C[C@@H]1NC(=O)[C@H](C)N(C)C(=O)[C@@H](C)NC(=O)[C@H](C)NC(=O)[C@@H](C)NC(=O)[C@@H](C)NC1=O,-5.8200002,440.50100000000015,-2.629599999999992,31,31,0,5,6
C[C@@H]1NC(=O)[C@@H](C)NC(=O)[C@H](C)N(C)C(=O)[C@@H](C)NC(=O)[C@@H](C)N(C)C(=O)[C@H](C)NC1=O,-5.8200002,454.5280000000002,-2.287399999999991,32,32,0,4,6
C[C@@H]1NC(=O)[C@H](C)N(C)C(=O)[C@@H](C)N(C)C(=O)[C@H](C)NC(=O)[C@@H](C)NC(=O)[C@@H](C)NC1=O,-5.3000002,454.52800000000013,-2.287399999999991,32,32,0,4,6
C[C@@H]1NC(=O)[C@@H](C)NC(=O)[C@@H](C)NC(=O)[C@H](C)N(C)C(=O)[C@H](C)N(C)C(=O)[C@@H](C)NC1=O,-5.8200002,454.52800000000025,-2.287399999999992,32,32,0,4,6
C[C@@H]1NC(=O)[C@@H](C)N(C)C(=O)[C@H](C)N(C)C(=O)[C@@H](C)N(C)C(=O)[C@@H](C)N(C)C(=O)[C@H](C)NC1=O,-5.8200002,482.5820000000002,-1.6029999999999904,34,34,0,2,6
C[C@@H]1NC(=O)[C@H](C)N(C)C(=O)[C@@H](C)N(C)C(=O)[C@H](C)N(C)C(=O)[C@@H](C)NC(=O)[C@@H](C)N(C)C1=O,-5.3000002,482.5820000000002,-1.6029999999999909,34,34,0,2,6
CCC(C(=O)O)c1ccc(N2Cc3ccccc3C2=O)cc1,-4.3899999,295.33799999999997,3.425200000000002,22,24,4,1,2
COc1cc(-c2oc3cc(O)cc(O)c3c(=O)c2O[C@@H]2O[C@H](CO[C@@H]3O[C@@H](C)[C@H](O)[C@@H](O)[C@H]3O)[C@@H](O)[C@H](O)[C@H]2O)ccc1O,-6.54,624.5480000000003,-1.3840999999999999,44,48,7,9,16
O=c1cc(-c2ccc(O)cc2)oc2cc([O-])c(C3OC(CO)C(O)C(O)C3O)c(O)c12,-6.1999998,431.3730000000001,-0.5403000000000002,31,34,3,6,10
COc1ccc(-c2oc3cc(O)cc(O)c3c(=O)c2O)cc1,-5.1900001,300.266,2.5854000000000017,22,24,2,3,6
N=C(N)NCCC[C@@H](NC(=O)[C@@H](N)Cc1ccc(O)cc1)C(=O)N[C@@H](Cc1ccccc1)C(=O)N[C@@H](Cc1ccccc1)C(N)=O,-7.7600002,630.7500000000001,-0.04962999999999129,46,48,17,9,7
CNC(=O)/C=C(/c1ccc2nc(N)n(S(=O)(=O)C(C)C)c2c1)c1ccccc1-c1cccc2ccccc12,-4.0300002,524.6460000000002,5.2027000000000045,38,42,6,2,6
CO,-4.4899998,32.042,-0.3915,2,1,0,1,1
CC(=O)NC(=O)[C@@H](N)Cc1c[nH]c2ccccc12,-5.619999900000002,245.282,0.7004000000000005,18,19,3,3,3
C=CCc1cc(OC)c(OC(C)C(OC(C)=O)c2ccc(OC)c(OC)c2)c(OC)c1,-4.5900002,430.4970000000002,4.521200000000005,31,32,11,0,7
C=CCc1cc(OC)c(OC(C)C(O)c2ccc(OC)c(OC)c2)c(OC)c1,-4.619999900000002,388.46000000000015,3.9504000000000037,28,29,10,1,6
C=CCc1cc(OC)c(OC(C)C(O)c2cc(O)cc(OC)c2)c(OC)c1,-4.6500001,374.4330000000001,3.647400000000003,27,28,9,2,6
CCOC(=O)C1=C(C)NC(C)=C(C(=O)OC)C1c1cccc([N+](=O)[O-])c1,-4.8499999,360.36600000000004,2.5657000000000005,26,27,5,1,7
COc1ccc2[nH]c(S(=O)Cc3ncc(C)c(OC)c3C)nc2c1,-4.1700001,345.4240000000001,2.8997400000000013,24,26,5,1,5
C[C@@H]1O[C@@H](O[C@H]2C[C@@H](O)[C@]3(CO)[C@H]4[C@H](O)C[C@]5(C)[C@@H](C6=CC(=O)OC6)CC[C@]5(O)[C@@H]4CC[C@]3(O)C2)[C@H](O)[C@H](O)[C@H]1O,-7.23,584.6590000000006,-1.5149999999999972,41,46,4,8,12
N=C(N)c1ccc2[nH]c(-c3ccccn3)nc2c1,-6.4699998,237.26600000000002,1.90897,18,20,2,3,3
C[C@@H]1O[C@@H](Oc2c(-c3ccc(O)c(O)c3)oc3cc(O)cc(O)c3c2=O)[C@H](O)[C@H](O)[C@H]1O,-6.0999999,448.38000000000017,0.4886999999999995,32,35,3,7,11
CC(C)(C)NC(=O)[C@@H]1C[C@@H]2CCCC[C@@H]2CN1C[C@@H](O)[C@H](Cc1ccccc1)NC(=O)[C@H](CC(N)=O)NC(=O)c1ccc2ccccc2n1,-6.2600002,670.855,3.092400000000003,49,53,12,5,7
CCCOc1ccc2c(c1)[C@@H](c1ccc(OC)cc1OCC(=O)O)[C@H](C(=O)O)C2,-5.23,400.4270000000002,3.3362000000000007,29,31,9,2,5
CO[C@H]1C[C@@H]2CC[C@@H](C)[C@@](O)(O2)C(=O)C(=O)N2CCCC3[C@H](C[C@@H]4CC[C@@H](OCCO)[C@H](OC)C4)[C@H](CC(=O)[C@H](C)/C=C(\C)[C@@H](O)[C@@H](OC)C(=O)[C@H](C)CC[C@H](C)/C=C/C=C/C=C/1C)OC(=O)[C@H]32,-4.630000099999998,956.2240000000002,5.807100000000007,68,72,8,3,14
Cc1cc(NS(=O)(=O)c2ccc(N)cc2)no1,-4.880000099999998,253.28300000000002,1.3660199999999998,17,18,3,2,5
CC(C)NC[C@@H](O)COc1ccc(CCOCC2CC2)cc1,-4.8099999,307.434,2.3933999999999997,22,23,11,2,4
CC(C)NC[C@H](COc1ccc(CCOCC2CC2)cc1)OC(=O)C1CC1,-4.52,375.5090000000001,3.354300000000002,27,29,13,1,5
Cn1c(=O)c2c(ncn2C)n(C)c1=O,-4.3400002,194.194,-1.0293,14,15,0,0,6
CN(C(=O)[C@H](Cc1ccc(CN)cc1)NS(=O)(=O)c1ccc2ccccc2c1)C1CCCC1,-4.9586072,465.6190000000003,3.589100000000002,33,36,8,2,4
Cn1nnnc1-c1cccc(NC(=O)N[C@@H]2CCCC[C@H]2CN2CCC[C@@H](Cc3ccc(F)cc3)C2)c1,-5.6989698,505.6420000000004,4.651200000000004,37,41,7,2,6
COc1ccc(CCN(C)CCC[C@](C#N)(c2ccc(OC)c(OC)c2)C(C)C)cc1OC,-4.961279900000001,454.6110000000002,5.093080000000005,33,34,13,0,6
C[C@@H](NC(=O)C1(NC(=O)C(F)(F)F)CC1)c1ccc(-c2cc(Cl)cc(Cl)c2-c2nnn(C)n2)cc1F,-4.5528421,545.3240000000002,4.378300000000002,36,39,6,2,6
COC(=O)c1c(Cl)cc(Cl)cc1-c1ccc([C@@H](C)NC(=O)C2(NC(=O)C(F)(F)F)CC2)c(F)c1,-4.7447276,521.2940000000002,4.974400000000003,34,36,6,2,4
COC(=O)c1c(F)cc(Cl)cc1-c1ccc([C@@H](C)NC(=O)C2(NC(=O)C(F)(F)F)CC2)c(F)c1,-4.5686364,504.8390000000002,4.460100000000003,34,36,6,2,4
CNCc1cnc(C)cc1Oc1ccccc1Oc1ccccc1,-4.8399267,320.392,4.694020000000004,24,26,6,1,4
CN1CCC(=C2c3ccccc3CC(=O)c3sccc32)CC1,-3.9546771,309.4340000000001,4.014400000000004,22,25,0,0,3
C[C@@H]1O[C@@H](c2ccc(N(O)O)cc2)OC[C@H]1NC(=O)Cc1ccccc1,-4.9846401,358.3940000000001,2.4328000000000003,26,28,5,3,6
NC(N)=NC(=O)c1nc(Cl)c(N)nc1N,-5.5642352,229.63099999999997,-1.2919999999999998,15,15,1,4,5
CC(C)(C)NC(=O)[C@H]1C[C@H]2CCCC[C@H]2CN1C[C@@H](O)[C@H](Cc1ccccc1)NC(=O)[C@@H](CC(N)=O)NC(=O)c1ccc2ccccc2n1,-5.8616972,670.855,3.092400000000003,49,53,12,5,7
Nc1nc(=O)c2ncn(COCCO)c2[nH]1,-5.9899998,225.20799999999997,-1.3318000000000003,16,17,4,3,7
CN1[C@@H]2CC[C@@H]1CC(OC(=O)C(CO)c1ccccc1)C2,-4.7016673,289.37500000000006,1.9308999999999996,21,23,4,1,4
NS(=O)(=O)c1cc2c(cc1C(F)(F)F)NC(Cc1ccccc1)NS2(=O)=O,-5.8899999,421.4220000000001,1.6254000000000004,27,29,3,3,5
COc1cc(N)c(Cl)cc1C(=O)NC1CCN(CCCOc2ccc(F)cc2)CC1OC,-4.52,465.9530000000003,3.358100000000002,32,34,9,2,6
COC1CC(OC2CCC3(C=O)C4CCC5(C)C(C6=CC(=O)OC6)CCC5(O)C4CCC3(O)C2)OC(C)C1O,-5.579999900000002,548.6730000000005,2.4333000000000005,39,44,5,3,9
CN(C)CCOC(c1ccccc1)c1ccccc1,-4.27,255.36100000000002,3.3542000000000023,19,20,6,0,2
C#Cc1cccc(Nc2ncnc3cc(OCCOC)c(OCCOC)cc23)c1,-4.4699998,393.4430000000002,3.405100000000002,29,31,10,1,7
O=C1OCCN1/N=C/c1ccc(N(O)O)o1,-4.9899998,227.17600000000002,0.6505000000000001,16,17,3,2,7
COc1cc2ncnc(Nc3ccc(F)c(Cl)c3)c2cc1OCCCN1CCOCC1,-4.48,446.9100000000004,4.275600000000003,31,34,8,1,7
CC(=O)N1CCN(c2ccc(OC[C@@H]3CO[C@@](Cn4ccnc4)(c4ccc(Cl)cc4Cl)O3)cc2)CC1,-4.7538648,531.4399999999999,4.205800000000003,36,40,7,0,7
CN1CCC(=C2c3ccccc3CC(=O)c3sccc32)CC1,-4.9499998,309.4340000000001,4.014400000000004,22,25,0,0,3
CCC(=O)C(CC(C)N(C)C)(c1ccccc1)c1ccccc1,-4.6599998,309.45300000000003,4.292000000000004,23,24,7,0,2
C[C@@](N)(Cc1ccc(O)c(O)c1)C(=O)O,-6.619894,211.21699999999998,0.4423000000000001,15,15,3,4,4
CN1C2CC(OC(=O)C(CO)c3ccccc3)CC1C1OC12,-4.724059099999999,303.358,0.9180999999999995,22,25,4,1,5
CC(C)(C)NCC(O)COc1ccc(NC(=O)NC2CCCCC2)cc1,-4.9684534000000005,363.50200000000024,3.268600000000002,26,27,7,4,4
CC(C)(C)c1ccc(C(O)CCCN2CCC(C(O)(c3ccccc3)c3ccccc3)CC2)cc1,-5.2600002,471.6850000000001,6.445800000000008,35,38,8,2,3
CCOc1ccccc1OCC1CNCCO1,-4.3899999,237.29899999999992,1.4525,17,18,5,1,4
Cc1nnc(C(C)C)n1C1CC2CCC(C1)N2CC[C@H](NC(=O)C1CCC(F)(F)CC1)c1ccccc1,-6.0,513.6770000000002,5.950920000000006,37,41,8,1,5
COC(=O)c1ccccc1-c1c2ccc(=N)cc-2oc2cc(N)ccc12,-5.9411516,344.37000000000006,4.052870000000001,26,29,2,2,5
CNC(=O)[C@@H](Cc1ccccc1)NC(=O)[C@@H](CC(C)C)NC(C)=O,-5.2142239,333.4320000000001,1.0106999999999988,24,24,8,3,3
CC(=O)NCC(=O)NCCc1ccccc1,-4.6597776,220.272,0.48140000000000005,16,16,5,2,2
CC(=O)N[C@@H](C(=O)NCCc1ccccc1)C(C)C,-4.4610906,262.353,1.5059999999999998,19,19,6,2,2
N=C(N)c1cccc(CC(CC(=O)N2CCNCC2)NS(=O)(=O)c2ccc3ccccc3c2)c1,-7.0312262,479.6060000000001,1.835370000000001,34,37,8,4,5
C[C@]12C[C@H](O)[C@H]3[C@@H](CCC4=CC(=O)CC[C@@]43C)[C@@H]1CC[C@@H]2C(=O)CO,-4.3887606,346.46700000000016,2.666700000000002,25,28,2,2,4
OC[C@H]1O[C@H](O[C@]2(CO)O[C@H](CO)[C@@H](O)[C@@H]2O)[C@H](O)[C@@H](O)[C@@H]1O,-5.9186072,342.297,-5.395599999999993,23,24,5,8,11
COc1cccc2c1C(=O)c1c(O)c3c(c(O)c1C2=O)C[C@](O)(C(=O)CO)C[C@H]3O[C@@H]1C[C@@H](N)[C@@H](O)[C@@H](C)O1,-6.5900002,543.5250000000003,0.0012999999999993017,39,43,5,6,12
CC(C)NCC(COc1cccc2ccccc12)OC(=O)C1CC1,-4.1608586,327.42400000000015,3.538400000000002,24,26,8,1,4
CC1OC(O[C@@H]2C=C3CC[C@@H]4[C@H](CC[C@]5(C)[C@@H](c6ccc(=O)oc6)CC[C@]45O)[C@@]3(C)CC2)C(O)C(O)C1O,-6.2299852,530.6580000000004,3.013800000000002,38,43,3,4,8
C[C@@H]1C[C@H]2[C@@H]3CCC4=CC(=O)C=C[C@]4(C)[C@@]3(F)[C@@H](O)C[C@]2(C)[C@@]1(O)C(=O)COC1O[C@@H](CC(=O)O)[C@H](O)[C@@H](O)[C@@H]1O,-5.9796510000000005,582.6180000000005,0.2023000000000018,41,45,6,6,10
CNC(=O)[C@@H]1Cc2cn(cn2)CC(=O)N2CCC[C@H]2C(=O)N[C@@H](C)C(=O)N1C,-5.8998151,390.4440000000001,-1.4920999999999964,28,30,1,2,6
CC(=O)N[C@@H](Cc1ccccc1)C(=O)N[C@H](Cc1ccccc1)C(=O)N[C@@H](Cc1ccccc1)C(N)=O,-5.764868700000001,500.5990000000002,1.6740999999999995,37,39,12,4,4
Cc1ccnc2nc(Cc3nc4ccc(C(=N)N)cc4[nH]3)[nH]c12,-7.0478787,305.345,2.01749,23,26,3,4,4
Cc1ccnc2[nH]c(Cc3nc4ccc(/C(N)=N\O)cc4[nH]3)nc12,-6.6994848,321.34400000000005,1.8279199999999998,24,27,3,4,5
CCC(=O)NC[C@H]1CN(c2ccc(-c3nncs3)c(F)c2)C(=O)O1,-4.4308991,350.3750000000001,2.1955999999999998,24,26,5,1,6
CC(=S)NC[C@H]1CN(c2ccc(-c3nnc(CN)s3)c(F)c2)C(=O)O1,-4.8219547,381.4580000000001,2.0649999999999995,25,27,5,2,7
CCC(=O)NC[C@H]1CN(c2ccc(-n3cc(C#N)cn3)c(F)c2)C(=O)O1,-4.3099999,357.3450000000001,1.7344799999999996,26,28,5,1,6
CNCc1nnc(-c2ccc(N3C[C@H](CNC(C)=S)OC3=O)cc2F)s1,-4.769775900000001,395.48500000000007,2.3257000000000003,26,28,6,2,7
CC(=S)NC[C@H]1CN(c2ccc(-c3nnc(CNS(C)(=O)=O)s3)c(F)c2)C(=O)O1,-5.619894,459.5500000000001,1.6554999999999997,29,31,7,2,8
COc1cc(C(=O)N2CC[C@](CCN3CCC(C(=O)N4CCN(C)CC4)(c4cccnc4)CC3)(c3ccc(Cl)c(Cl)c3)C2)cc(OC)c1OC,-5.1382737,724.7300000000001,5.396000000000007,50,55,10,0,8
CC(C)NS(=O)(=O)n1c(N)nc2ccc(C(C(N)=O)c3cccc(F)c3)cc21,-4.331273599999999,405.4550000000001,1.4657000000000004,28,30,6,3,6
NS(=O)(=O)N1CCN(C2CN(CC[C@]3(c4ccc(Cl)c(Cl)c4)CCC(=O)N(CC4CC4)C3)C2)CC1,-5.8969545,544.5490000000002,2.1590000000000016,35,39,8,1,5
CC(C)CC(NC(=O)CN)C(=O)OC[C@@H]1O[C@H](n2cc(F)c(=O)[nH]c2=O)C[C@H]1O,-5.2006745,416.4060000000001,-1.6430999999999965,29,30,8,4,9
CN(C)c1ccc(C(=O)NCCCCCNC(=O)CS)cc1,-5.1324477,323.46199999999993,1.6986999999999997,22,22,9,3,4
O=C(CCCCCCC(=O)Nc1ccccc1)NO,-5.629466099999999,264.32500000000005,2.4711,19,19,8,3,3
CCCCCCC(N)C(=O)N[C@@H](Cc1ccc(O)cc1)C(=O)N1CCC[C@@H]1C(=O)N[C@@H](Cc1c[nH]c2ccccc12)C(=O)N[C@@H](Cc1ccccc1)C(N)=O,-5.4504986,751.9290000000002,3.129800000000004,55,59,19,7,7
CCCCCCC(N)C(=O)N[C@@H](Cc1ccc(O)cc1)C(=O)N1CCC[C@@H]1C(=O)N[C@@H](Cc1c[nH]c2ccccc12)C(=O)N[C@@H](Cc1ccccc1)C(=O)N[C@@H]1O[C@H](C(N)=O)[C@@H](O)C(O)C1O,-5.79,927.0690000000004,0.053600000000009806,67,72,21,11,12
Cc1cc(O)cc(C)c1C[C@H](N)C(=O)N1CCC[C@@H]1C(=O)N[C@@H](Cc1c[nH]c2ccccc12)C(=O)N[C@@H](Cc1ccccc1)C(N)=O,-6.2987847000000015,638.769,2.291440000000002,47,51,12,6,6
Nc1ccc(S(=O)(=O)O)cc1,-5.4299998,173.193,0.5155000000000001,11,11,1,2,3
Cn1cncc1CN1CC(N(CCn2cccc2)S(=O)(=O)c2ccccn2)Cc2cc(C#N)ccc21,-4.9099998,501.61600000000027,2.8106799999999996,36,40,8,0,8
CC(C)COC(=O)N1CCC(CN(C2Cc3cc(C#N)ccc3N(Cc3cncn3C)C2)S(=O)(=O)c2ccccn2)CC1,-5.1224694,605.7650000000001,3.8135800000000026,43,47,9,0,9
O=C(NC1(C(=O)N[C@H](Cc2ccccc2)C(=O)NCCCN2CCOCC2)CCCC1)c1ccc(-c2ccccc2)s1,-4.9309068,588.7740000000007,4.023700000000004,42,46,12,3,6
O=Cc1ccncc1,-4.180557299999999,107.11199999999998,0.8940999999999999,8,8,1,0,2
Oc1ccncc1,-4.1089525,95.10099999999998,0.7871999999999999,7,7,0,1,2
c1ccc(Cc2ccncc2)cc1,-3.9978395,169.227,2.6724000000000006,13,14,2,0,1
Fc1ccncc1,-3.8897052,97.09199999999998,1.2207000000000001,7,7,0,0,1
CN1C2CC[C@@H]1CC(OC(c1ccccc1)c1cccc(Cl)c1)C2,-4.662271,341.88200000000006,5.071200000000005,24,27,4,0,2
COc1ccc(-c2cc(=O)c3ccc(OC)cc3o2)cc1,-4.6010299,282.295,3.4772000000000025,21,23,3,0,4
Cn1cncc1CN(CCN(Cc1ccccc1)S(=O)(=O)c1ccccn1)c1ccc(C#N)cc1,-5.5514212,486.60100000000017,3.5844800000000028,35,38,10,0,7
C/C=C/C#CCC/C=C\C=C\C(=O)NCC(C)C,-4.0,245.36599999999999,3.2307000000000015,18,17,6,1,1
OC[C@@H]1CC[C@H](n2cnc3c(O)ncnc32)O1,-5.6708102,236.23100000000002,0.20180000000000003,17,19,2,2,7
CC(C)C(N)C(=O)OCCOCn1cnc2c(=O)[nH]c(N)nc21,-5.6697760000000015,324.341,-0.7975999999999985,23,24,7,3,9
COC(=O)C(C)NP(=O)(OC[C@@H]1C=C[C@H](n2cc(C)c(=O)[nH]c2=O)O1)Oc1ccc(OC)cc1,-5.9819288,495.4250000000003,1.6620199999999992,34,36,10,2,10
C[C@H](CSN=O)C(=O)N1CCC[C@@H]1C(=O)O,-4.5,246.28799999999995,1.1127,16,16,5,1,5
CCOC(=O)c1ccc2c(C(C(=O)NS(=O)(=O)c3ccc(C)cc3OC)c3ccc4c(c3)OCO4)cn(C)c2c1,-4.6994848,564.6160000000002,4.037720000000003,40,44,8,1,9
CCCCOC(=O)COc1ccc(C(=O)CNC(=O)c2cc3c(s2)CCNC3)cc1OCC(=O)OCCCC,-5.1011863,560.6690000000001,3.450700000000002,39,41,16,2,10
CC(C)(NC(=O)c1cc2ccccc2s1)C(=O)N[C@H](Cc1ccccc1)C(=O)NCCCN1CCOCC1,-5.3289509000000015,536.6980000000002,2.9757000000000016,38,41,11,3,6
CN1CCN(C(=O)CCNC(=O)[C@@H](Cc2ccccc2)NC(=O)C2(NC(=O)c3cc4ccccc4s3)CCCC2)CC1,-5.6994848,589.7619999999998,2.9517000000000024,42,46,10,3,6
O=C(NC1(C(=O)N[C@H](Cc2ccccc2)C(=O)NCCC(=O)N2CCN(CC3CCOCC3)CC2)CCCC1)c1cc2ccccc2s1,-5.5693183,673.8800000000005,3.7485000000000035,48,53,12,3,7
O=C(NC1(C(=O)N[C@H](Cc2ccccc2)C(=O)NCC2CCN(C3CCOCC3)CC2)CCCC1)c1cc2ccccc2s1,-5.7979398,616.8280000000007,4.678600000000004,44,49,10,3,6
CC1CN(CCCNC(=O)[C@@H](Cc2ccccc2)NC(=O)C2(NC(=O)c3cc4ccccc4s3)CCCC2)CC(C)N1,-5.9593034000000005,589.806,3.8599000000000023,42,46,11,4,6
CO[C@H](CCC(C)(C)O)[C@](C)(O)[C@H]1CC[C@@]2(O)C3=CC(=O)[C@@H]4C[C@@H](O)[C@@H](O)C[C@@]4(C)C3CC[C@]12C,-4.79,494.6690000000004,2.5080999999999998,35,38,6,5,7
CO[C@H]1C[C@]2(C)C3CC[C@]4(C)[C@@H]([C@@](C)(O)[C@H](O)CCC(C)C)CC[C@@]4(O)C3=CC(=O)[C@@H]2C[C@H]1O,-4.6999998,478.67000000000036,3.3932000000000024,34,37,6,4,6
CO[C@@H]1C[C@H]2C(=O)C=C3C(CC[C@]4(C)[C@@H]([C@@](C)(O)[C@@H](CCC(C)C)OC)CC[C@@]34O)[C@]2(C)C[C@@H]1O,-4.5380535,492.69700000000034,4.047300000000004,35,38,7,3,6
CC(C)CC[C@@H](O)[C@](C)(O)[C@H]1CC[C@@]2(O)C3=CC(=O)[C@@H]4C[C@@H](O)[C@@H](O)C[C@@]4(C)C3CC[C@]12C,-4.7199998,464.64300000000026,2.7391000000000005,33,36,5,5,6
CC(CO)NC(=O)C1C=C2c3cccc4[nH]cc(c34)CC2N(C)C1,-5.1684265,325.4120000000001,1.5346000000000002,24,27,3,3,3
Nc1nc(=O)c2c([nH]1)NCC(CNc1ccc(C(=O)NC(CCC(=O)O)C(=O)O)cc1)N2C=O,-7.5214391,473.4460000000002,-0.7310999999999974,34,36,10,7,9
O=C1CC(c2ccc(O)cc2)Oc2cc(O)ccc21,-4.8000002,256.257,2.8043000000000013,19,21,1,2,4
CC(C)=CCC[C@](C)(O[C@@H]1O[C@@H](CO)[C@@H](O)[C@H](O)[C@H]1O)[C@H]1CC[C@]2(C)[C@@H]1[C@H](O)C[C@@H]1[C@@]3(C)CC[C@H](O)C(C)(C)[C@@H]3C(O[C@@H]3O[C@H](CO)[C@@H](O)[C@H](O)[C@H]3O)C[C@]12C,-6.5883503,801.0240000000005,1.1198000000000017,56,61,10,10,14
COc1ccc2cc3[n+](cc2c1O)CCc1cc2c(cc1-3)OCO2,-4.8815303,322.3400000000001,2.7933000000000012,24,28,1,1,4
COC(=O)C1=CO[C@@H](C)[C@H]2CN3CCc4c([nH]c5ccccc45)[C@@H]3C[C@@H]12,-4.8187928,352.434,3.1788000000000016,26,30,1,1,4
CC[C@H]1[C@@H]2C[C@@H]3[C@@H]4N(C)c5ccccc5[C@]45C[C@@H](C2[C@@H]5O)N3[C@@H]1O,-4.9387093,326.44,1.5545,24,29,1,2,4
COc1ccc2c(c1)[C@]13CCN4CC5=CCO[C@@H]6CC(=O)N2[C@@H]1[C@@H]6[C@@H]5C[C@@H]43,-4.5717444,364.44500000000005,2.1010999999999997,27,33,1,0,4
CN1CC[C@]23C(=O)C[C@@H]4C(=CCO[C@H]5CC(=O)N(c6ccccc62)[C@@H]3[C@@H]54)C1,-4.5816798,364.44500000000005,1.9092,27,32,0,0,4
NC(=O)[C@H]1CCCN1C(=O)[C@@H](Cc1c[nH]cn1)NC(=O)[C@H]1CCC(=O)N1,-6.8313413,362.3900000000002,-1.808099999999996,26,28,6,4,5
O=C1c2c(O)cc(O)cc2OC(c2ccc(O)c(O)c2)C1O,-6.5093193,304.25399999999996,1.1862999999999995,22,24,1,5,7
Cc1ccc(N2CCN(C(=O)[C@H](C)Cc3ccc(Cl)cc3)CC2)c([C@@H](NC(=O)CCN(C)C)C(C)C)c1,-4.3886080000000005,527.1530000000004,4.940820000000005,37,39,10,1,4
Cc1ccc(N2CCN(C(=O)[C@H](C)Cc3ccc(Cl)cc3C)CC2)c([C@@H](NC(=O)CCN(C)C)C(C)C)c1,-4.7979398,541.1800000000004,5.249240000000005,38,40,10,1,4
O=C(Nc1cccc(C(F)(F)F)c1)c1ccccc1NCc1ccncc1,-5.158072,371.3620000000001,4.964800000000003,27,29,5,2,3
CC1(C)CNc2cc(NC(=O)c3cccnc3NCc3ccncc3)ccc21,-5.489058,373.4600000000001,4.044100000000002,28,31,5,3,5
O=C(Nc1ccc(C(F)(F)F)c(Cl)c1)c1ccnn1CCc1ccncc1,-5.3400002,394.7840000000001,4.445300000000003,27,29,5,1,4
Cn1c(NCCCN2CCC(Oc3ccc(Cl)c(Cl)c3)CC2)cc(=O)n(C)c1=O,-4.8783755,441.35900000000026,2.7362,29,31,7,1,7
Cn1c(N2CCN(CCCN3c4ccccc4Sc4ccc(C(=O)O)cc43)CC2)cc(=O)n(C)c1=O,-5.0,507.6160000000004,2.597200000000001,36,40,6,1,9
Cn1c(N2CCCN(CCCN3c4ccccc4Sc4cccc(C(=O)O)c43)CC2)cc(=O)n(C)c1=O,-5.8005152,521.6430000000004,2.987300000000001,37,41,6,1,9
Cn1c(N2CCN(CCCN3c4ccccc4Sc4ccc(CC(=O)O)cc43)CC2)cc(=O)n(C)c1=O,-4.9099998,521.6430000000004,2.5261000000000005,37,41,7,1,9
Cn1c(N2CCN(CCCN3c4ccccc4Sc4ccc(CCC(=O)O)cc43)CC2)cc(=O)n(C)c1=O,-5.29,535.6700000000004,2.916200000000001,38,42,8,1,9
CC(C(=O)O)c1ccc2c(c1)N(CCCN1CCCN(c3cc(=O)n(C)c(=O)n3C)CC1)c1ccccc1S2,-5.1599998,549.6970000000002,3.4772000000000016,39,43,7,1,9
CSc1nc2cc(C(=O)N3CCC(C)CC3)ccc2[nH]1,-4.5418172,289.40399999999994,3.156900000000001,20,22,2,1,3
Cc1c(O)c(=O)ccn1C,-4.8885303,139.154,0.39931999999999984,10,10,0,1,3
Cc1cc(C[C@H](NS(=O)(=O)c2ccccc2)c2nc3ccccc3[nH]2)ccc1[C@@H]1CC(=O)N=S1(=O)[O-],-6.3989701,523.6160000000002,3.703420000000002,36,40,7,2,6
C=CC(N)=O,-4.5693183,71.079,-0.3423,5,4,1,1,1
COc1cc2c(cc1OC)[C@H]1C[C@H](O)[C@@H](CC(C)C)CN1CC2,-4.6799998,319.4450000000001,3.0299000000000014,23,25,4,1,4
CCOC(=O)c1ccc(O)cc1,-4.8102908,166.176,1.5689,12,12,2,1,3
N[C@@H](Cc1ccccc1)C(=O)OC[C@H]1O[C@@H](n2ccc(O)nc2=O)[C@@H](O)[C@@H]1O,-5.6999998,391.38000000000005,-1.3186999999999995,28,30,6,4,10
C[C@@H]1O[C@@H](O[C@@H]2C(=O)c3c(O)cc(O)cc3O[C@H]2c2ccc(O)c(O)c2)[C@H](O)[C@H](O)[C@H]1O,-6.820000200000001,450.39600000000013,0.038099999999999745,32,35,3,7,11
COC(=O)c1cc(O)c(O)c(O)c1,-5.3899999,184.147,0.5899999999999996,13,13,1,3,5
CNC1(c2ccccc2Cl)CCCCC1=O,-4.2600002,237.7299999999999,2.897800000000001,16,17,2,1,2
COCCOCCOCC(=O)Nc1ccc(S(=O)(=O)Nc2nncs2)cc1,-6.2399998,416.4810000000001,0.9569999999999995,27,28,12,2,9
C=CCNC(=O)C(=O)C(CCC)NC(=O)C1CC2CN1C(=O)C(C1CCCCC1)NC(=O)Cc1cccc(c1)OCCC(C)(C)O2,-5.0300002,638.8060000000002,2.997600000000003,46,49,9,3,7
C=CCNC(=O)C(=O)C(CCC)NC(=O)C1C2C(CN1C(=O)C(NC(=O)NC(C(=O)C(C)C)C(C)C)C(C)(C)C)C2(C)C,-5.29,603.8050000000001,2.5892000000000026,43,44,14,4,6
Cc1cc(C(=O)Nc2ccc(-c3ccccc3S(C)(=O)=O)cc2F)n(-c2cccc(CN)c2)n1,-5.5,478.54900000000026,4.101320000000002,34,37,6,2,6
CC(C)C[C@H](O)[C@H](O)[C@H](CC1CCCCC1)NC(=O)OC(C)(C)C,-4.1799998,343.50800000000004,3.618000000000002,24,24,7,3,4
CC[C@H](C)[C@H](N)C(=O)O[C@@H]1C[C@@H](n2cc(F)c(=O)[nH]c2=O)O[C@H]1CO,-5.5599999,359.3540000000001,-0.7592999999999983,25,26,6,3,8
NC(CC(=O)O)C(=O)OC[C@@H]1O[C@H](n2cc(F)c(=O)[nH]c2=O)C[C@H]1O,-6.4899998,361.2820000000001,-2.330699999999998,25,26,6,4,9
CC(=O)N[C@@H](Cc1c[nH]c2ccccc12)C(=O)N[C@@H](C)C(=O)NCC(=O)NCC(=O)N[C@@H](CC(N)=O)C(=O)N[C@@H](C)C(N)=O,-7.29,615.6480000000003,-3.6976000000000004,44,45,16,9,8
COc1cccc2c1C(=O)c1c(O)c3c(c(O)c1C2=O)C[C@@](O)(C(C)=O)C[C@@H]3O[C@H]1C[C@H](N)[C@H](O)[C@H](C)O1,-6.0999999,527.5260000000003,1.0288999999999997,38,42,4,5,11
ON1C=CC=C(c2cc3nccc(-c4ccc(OC(F)F)c(OCC5CC5)c4)n3n2)C1,-4.71,426.42300000000023,4.388400000000003,31,35,7,1,7
COCc1c(C(C)C)nc(C(C)C)c(/C=C/[C@@H](O)C[C@@H](O)CC(=O)O)c1-c1ccc(F)cc1,-5.27,459.5580000000002,4.8807000000000045,33,34,11,3,5
O=C1NCC2(CCCNC2)c2[nH]c(-c3ccnc(-c4ccc5c(c4)OCO5)n3)cc21,-5.4699998,403.4420000000002,2.232,30,35,2,3,6
COc1cncc(-c2nccc(-c3cc4c([nH]3)C3(CCCNC3)CNC4=O)n2)c1,-5.6999998,390.4470000000002,1.9068999999999994,29,33,3,3,6
CN1CCN(Cc2ccc(C(c3nnnn3Cc3ccccc3)N3CCCN(C4CCC4)CC3)cc2)CC1,-6.0999999,514.7220000000003,3.1184000000000003,38,43,8,0,8
CN1C(=O)CC(N2CCN(CCCN3c4ccccc4COc4ccc(CC(=O)O)cc43)CC2)N(C)C1=O,-5.52,521.6180000000004,2.5919000000000008,38,42,7,1,7
CN1C(=O)CC(N2CCCN(CCCN3c4ccccc4CCc4ccc(C(=O)O)cc43)CC2)N(C)C1=O,-5.3600001,519.6460000000004,3.2593000000000005,38,42,6,1,6
CN1C(=O)CC(N2CCCN(CC/C=C3/c4ccccc4CCc4ccc(CC(=O)O)cc43)CC2)N(C)C1=O,-5.3200002,530.6690000000004,3.4818000000000024,39,43,6,1,5
COCN1C(=O)NC(=O)C(c2ccccc2)(c2ccccc2)C1=O,-4.5,324.33600000000007,1.6549999999999996,24,26,4,1,4
CCCCCC[C@H](NC(C)=O)C(=O)N[C@@H](Cc1ccc(O)cc1)C(=O)NCC(=O)NCC(=O)N[C@@H](Cc1ccccc1)C(=O)N[C@@H](CC(C)C)C(N)=O,-5.9699998,737.899,0.870700000000006,53,54,23,8,8
C=C(C)C(COc1c2occc2cc2ccc(=O)oc12)OC(C)(C)C(O)COc1c2occc2cc2ccc(=O)oc12,-4.48,572.5660000000004,5.950400000000006,42,47,10,1,10
CCCCCCCCCC(=O)O,-4.6799998,172.268,3.2117000000000013,12,11,8,1,1
COc1cc(-c2cc(=O)c3c(O)cc(O)cc3o2)cc(O)c1OC,-4.9499998,330.2920000000001,2.5940000000000003,24,26,3,3,7
COC(=O)C[C@@H](C(=O)NN(Cc1ccc(/C=C\c2ccccc2)cc1)C[C@@](O)(Cc1ccccc1)C(=O)NC1c2ccccc2C[C@H]1O)C(C)(C)C,-5.079999900000002,703.8800000000001,5.663900000000007,52,56,14,4,7
COc1ccc2c(O[C@@H]3C[C@H]4C(=O)N[C@]5(C(=O)NS(=O)(=O)C6CC6)C[C@H]5/C=C\CCCCN(C)C(=O)[C@@H]4C3)nc(-c3cccc(F)c3)nc2c1C,-5.3000002,719.8360000000001,4.208320000000003,51,57,7,2,9
C[C@H]1C[C@H](C)C(=O)[C@H]([C@H](O)CC2CC(=O)NC(=O)C2)C1,-4.8400002,281.35200000000003,1.0415,20,21,3,2,4
